{
  "timestamp": "2025-09-18T17:52:47.435Z",
  "totalItems": 100,
  "successfulTables": 5,
  "failedTables": 1,
  "results": {
    "users": {
      "success": true,
      "count": 3,
      "filePath": "/Users/frankschioppa/wordflect/backend/backups/2025-09-18/users.json"
    },
    "missions": {
      "success": true,
      "count": 42,
      "filePath": "/Users/frankschioppa/wordflect/backend/backups/2025-09-18/missions.json"
    },
    "frames": {
      "success": true,
      "count": 25,
      "filePath": "/Users/frankschioppa/wordflect/backend/backups/2025-09-18/frames.json"
    },
    "backgrounds": {
      "success": false,
      "error": "Requested resource not found"
    },
    "wordOfTheDay": {
      "success": true,
      "count": 28,
      "filePath": "/Users/frankschioppa/wordflect/backend/backups/2025-09-18/wordOfTheDay.json"
    },
    "battles": {
      "success": true,
      "count": 2,
      "filePath": "/Users/frankschioppa/wordflect/backend/backups/2025-09-18/battles.json"
    }
  }
}