[
  {
    "opponentPlayed": false,
    "opponent": {
      "id": "d59de7c3-9c83-41c9-87bf-a73b87048ff3",
      "level": 20,
      "profileImageUrl": "https://wordflect-profile-images.s3.amazonaws.com/profile-images/RarefiedAir24.jpg",
      "username": "RarefiedAir24"
    },
    "winner": null,
    "challengerScore": 0,
    "opponentId": "d59de7c3-9c83-41c9-87bf-a73b87048ff3",
    "status": "pending",
    "createdAt": "2025-09-13T14:01:36.234Z",
    "challengerPlayed": false,
    "challenger": {
      "id": "user_1755964249107_hcy50kzml",
      "level": 11,
      "profileImageUrl": null,
      "username": "vitab"
    },
    "id": "184787c7-16f5-4d1e-8769-8cf1e4dcd772",
    "challengerId": "user_1755964249107_hcy50kzml",
    "opponentScore": 0
  },
  {
    "opponentId": "d59de7c3-9c83-41c9-87bf-a73b87048ff3",
    "status": "completed",
    "challenger": {
      "id": "user_1755964249107_hcy50kzml",
      "level": 11,
      "profileImageUrl": null,
      "username": "vitab"
    },
    "challengerPlayed": false,
    "createdAt": "2025-08-24T23:00:33.171Z",
    "opponent": {
      "id": "d59de7c3-9c83-41c9-87bf-a73b87048ff3",
      "level": 20,
      "profileImageUrl": "https://wordflect-profile-images.s3.amazonaws.com/profile-images/RarefiedAir24.jpg",
      "username": "RarefiedAir24"
    },
    "opponentPlayed": false,
    "challengerCompleted": true,
    "winner": "user_1755964249107_hcy50kzml",
    "challengerScore": 95,
    "completedAt": "2025-08-24T23:06:56.507Z",
    "startedAt": "2025-08-24T23:02:16.073Z",
    "opponentCompleted": true,
    "id": "855910cf-95fa-4269-8e31-c8b008c8440a",
    "challengerCompletedAt": "2025-08-24T23:06:56.507Z",
    "challengerId": "user_1755964249107_hcy50kzml",
    "opponentScore": 59,
    "opponentCompletedAt": "2025-08-24T23:04:21.373Z"
  }
]