[
  {
    "imageUrl": "https://wordflect-avatar-frames.s3.us-east-2.amazonaws.com/empress.png",
    "id": "empress",
    "price": 1000,
    "battleWinsRequired": 25,
    "name": "Empress",
    "rarity": "legendary"
  },
  {
    "imageUrl": "https://example.com/crystal-frame.png",
    "rarity": "legendary",
    "frameId": "crystal",
    "price": 3000,
    "description": "A transparent crystal frame",
    "id": "crystal",
    "name": "Crystal Frame",
    "isAvailable": true
  },
  {
    "imageUrl": "https://example.com/neon-frame.png",
    "rarity": "rare",
    "frameId": "neon",
    "price": 1500,
    "description": "A glowing neon frame",
    "id": "neon",
    "name": "Neon Frame",
    "isAvailable": true
  },
  {
    "imageUrl": "https://wordflect-avatar-frames.s3.us-east-2.amazonaws.com/skull-bone.png",
    "id": "skull-bone",
    "price": 200,
    "name": "Skull Bone",
    "unlockedAt": 5,
    "rarity": "rare"
  },
  {
    "imageUrl": "https://wordflect-avatar-frames.s3.us-east-2.amazonaws.com/galaxy-frame.png",
    "id": "galaxy-frame",
    "price": 500,
    "name": "Galaxy Frame",
    "unlockedAt": 12,
    "rarity": "epic"
  },
  {
    "imageUrl": "https://wordflect-avatar-frames.s3.us-east-2.amazonaws.com/halo.png",
    "id": "halo",
    "price": 400,
    "name": "Halo",
    "unlockedAt": 10,
    "rarity": "epic"
  },
  {
    "imageUrl": "https://wordflect-avatar-frames.s3.us-east-2.amazonaws.com/gradient-diamond.png",
    "id": "gradient-diamond",
    "price": 800,
    "name": "Gradient Diamond",
    "unlockedAt": 20,
    "rarity": "legendary"
  },
  {
    "isDefault": true,
    "imageUrl": "https://wordflect-avatar-frames.s3.us-east-2.amazonaws.com/spiked-steel.png",
    "id": "spiked-steel",
    "price": 0,
    "name": "Spiked Steel",
    "rarity": "common"
  },
  {
    "imageUrl": "https://wordflect-avatar-frames.s3.us-east-2.amazonaws.com/dark-bling.png",
    "id": "dark-bling",
    "price": 600,
    "name": "Dark Bling",
    "unlockedAt": 18,
    "rarity": "epic"
  },
  {
    "imageUrl": "https://wordflect-avatar-frames.s3.us-east-2.amazonaws.com/blue-diamonds.png",
    "id": "blue-diamonds",
    "price": 500,
    "name": "Blue Diamonds",
    "unlockedAt": 15,
    "rarity": "epic"
  },
  {
    "imageUrl": "https://wordflect-avatar-frames.s3.us-east-2.amazonaws.com/blue-spikes.png",
    "id": "blue-spikes",
    "price": 250,
    "name": "Blue Spikes",
    "unlockedAt": 5,
    "rarity": "rare"
  },
  {
    "premiumRequired": true,
    "imageUrl": "https://wordflect-avatar-frames.s3.us-east-2.amazonaws.com/crystal-crown.png",
    "rarity": "premium",
    "isDefault": false,
    "price": 0,
    "id": "crystal-crown",
    "name": "Crystal Crown"
  },
  {
    "imageUrl": "https://example.com/diamond-frame.png",
    "rarity": "epic",
    "frameId": "diamond",
    "price": 2500,
    "description": "A sparkling diamond frame",
    "id": "diamond",
    "name": "Diamond Frame",
    "isAvailable": true
  },
  {
    "isDefault": true,
    "imageUrl": "https://wordflect-avatar-frames.s3.us-east-2.amazonaws.com/ice-crystal.png",
    "id": "ice-crystal",
    "price": 0,
    "name": "Ice Crystal",
    "rarity": "common"
  },
  {
    "imageUrl": "https://example.com/rainbow-frame.png",
    "rarity": "common",
    "frameId": "rainbow",
    "price": 500,
    "description": "A colorful rainbow frame",
    "id": "rainbow",
    "name": "Rainbow Frame",
    "isAvailable": true
  },
  {
    "imageUrl": "https://wordflect-avatar-frames.s3.us-east-2.amazonaws.com/wings.png",
    "id": "wings",
    "price": 1200,
    "battleWinsRequired": 10,
    "name": "Wings",
    "rarity": "legendary"
  },
  {
    "imageUrl": "https://wordflect-avatar-frames.s3.us-east-2.amazonaws.com/cyber-frame.png",
    "id": "cyber-frame",
    "price": 700,
    "name": "Cyber Frame",
    "unlockedAt": 18,
    "rarity": "epic"
  },
  {
    "imageUrl": "https://wordflect-avatar-frames.s3.us-east-2.amazonaws.com/fire-frame.png",
    "id": "fire-frame",
    "price": 200,
    "name": "Fire Frame",
    "unlockedAt": 5,
    "rarity": "rare"
  },
  {
    "premiumRequired": true,
    "imageUrl": "https://wordflect-avatar-frames.s3.us-east-2.amazonaws.com/phoenix-reign.png",
    "rarity": "pro",
    "isDefault": false,
    "price": 0,
    "id": "phoenix-reign",
    "name": "Phoenix Reign"
  },
  {
    "imageUrl": "https://wordflect-avatar-frames.s3.us-east-2.amazonaws.com/vine-frame.png",
    "id": "vine-frame",
    "price": 600,
    "name": "Vine Frame",
    "unlockedAt": 15,
    "rarity": "epic"
  },
  {
    "imageUrl": "https://example.com/golden-frame.png",
    "rarity": "rare",
    "frameId": "golden",
    "price": 1000,
    "description": "A luxurious golden frame",
    "id": "golden",
    "name": "Golden Frame",
    "isAvailable": true
  },
  {
    "imageUrl": "https://wordflect-avatar-frames.s3.us-east-2.amazonaws.com/dragon-frame.png",
    "id": "dragon-frame",
    "price": 1000,
    "name": "Dragon Frame",
    "unlockedAt": 25,
    "rarity": "legendary"
  },
  {
    "imageUrl": "https://wordflect-avatar-frames.s3.us-east-2.amazonaws.com/heart-gold.png",
    "id": "heart-gold",
    "price": 150,
    "name": "Heart Gold",
    "unlockedAt": 5,
    "rarity": "rare"
  },
  {
    "imageUrl": "https://wordflect-avatar-frames.s3.us-east-2.amazonaws.com/wood-diamonds.png",
    "id": "wood-diamonds",
    "price": 300,
    "name": "Wood Diamonds",
    "unlockedAt": 8,
    "rarity": "rare"
  },
  {
    "imageUrl": "https://wordflect-avatar-frames.s3.us-east-2.amazonaws.com/ice-shard.png",
    "id": "ice-shard",
    "price": 800,
    "name": "Ice Shard",
    "unlockedAt": 20,
    "rarity": "legendary"
  }
]