[
  {
    "reward": {
      "type": "flectcoins",
      "amount": 15
    },
    "target": 15,
    "tier": "Tier 1: Easy",
    "category": "word-finding",
    "objective": "Find X Words Today",
    "gems": 0,
    "flectcoins": 15,
    "description": "Find 15 words today",
    "id": "daily-find-15-words",
    "sortOrder": 2,
    "type": "daily",
    "title": "Find 15 Words"
  },
  {
    "reward": {
      "type": "gems",
      "amount": 200
    },
    "target": 1000,
    "tier": "Word Finding Milestones",
    "category": "word-finding",
    "objective": "Find Words Total",
    "gems": 200,
    "flectcoins": 0,
    "description": "Find 1000 words total",
    "id": "global-find-1000-words",
    "sortOrder": 5,
    "type": "global",
    "title": "Find 1000 Words"
  },
  {
    "reward": {
      "type": "flectcoins",
      "amount": 10
    },
    "target": 1,
    "tier": "Daily Basics",
    "category": "gameplay",
    "objective": "Play Games Today",
    "gems": 0,
    "flectcoins": 10,
    "description": "Play at least one game today",
    "id": "daily-play-1-game-today",
    "sortOrder": 13,
    "type": "daily",
    "title": "Play 1 Game Today"
  },
  {
    "reward": {
      "type": "gems",
      "amount": 500
    },
    "tier": "Weekly Special",
    "createdAt": "2025-08-23T21:32:50.633Z",
    "period": "weekly",
    "flectcoins": 0,
    "target": 7,
    "updatedAt": "2025-08-23T21:32:50.633Z",
    "objective": "Find all daily theme words",
    "category": "theme",
    "gems": 500,
    "description": "Complete all daily theme words for 7 days",
    "id": "find-all-weekly-theme-words",
    "title": "Find All Daily Theme Words"
  },
  {
    "reward": {
      "type": "flectcoins",
      "amount": 300
    },
    "target": 7,
    "tier": "Weekly Challenges",
    "category": "gameplay",
    "objective": "Play Every Day This Week",
    "gems": 0,
    "flectcoins": 300,
    "description": "Play at least one game every day this week",
    "id": "weekly-play-every-day",
    "sortOrder": 9,
    "type": "weekly",
    "title": "Play Every Day"
  },
  {
    "reward": {
      "type": "flectcoins",
      "amount": 1000
    },
    "target": 1000,
    "tier": "Weekly Word Goals",
    "category": "word-finding",
    "objective": "Find Words This Week",
    "gems": 0,
    "flectcoins": 1000,
    "description": "Find 1000 words this week",
    "id": "weekly-find-1000-words",
    "sortOrder": 3,
    "type": "weekly",
    "title": "Find 1000 Words"
  },
  {
    "reward": {
      "type": "flectcoins",
      "amount": 15
    },
    "target": 100,
    "tier": "Daily Basics",
    "category": "scoring",
    "objective": "Score Points Today",
    "gems": 0,
    "flectcoins": 15,
    "description": "Score 100 points today",
    "id": "daily-score-100-points",
    "sortOrder": 14,
    "type": "daily",
    "title": "Score 100 Points"
  },
  {
    "reward": {
      "type": "flectcoins",
      "amount": 20
    },
    "target": 3,
    "tier": "Daily Challenges",
    "category": "gameplay",
    "objective": "Play Games Today",
    "gems": 0,
    "flectcoins": 20,
    "description": "Play 3 games today",
    "id": "daily-play-3-games",
    "sortOrder": 18,
    "type": "daily",
    "title": "Play 3 Games"
  },
  {
    "reward": {
      "type": "gems",
      "amount": 100
    },
    "target": 10,
    "tier": "Level Milestones",
    "category": "leveling",
    "objective": "Reach Level",
    "gems": 100,
    "flectcoins": 0,
    "description": "Reach level 10",
    "id": "global-reach-level-10",
    "sortOrder": 1,
    "type": "global",
    "title": "Reach Level 10"
  },
  {
    "reward": {
      "type": "flectcoins",
      "amount": 25
    },
    "target": 200,
    "tier": "Daily Challenges",
    "category": "scoring",
    "objective": "Score Points Today",
    "gems": 0,
    "flectcoins": 25,
    "description": "Score 200 points today",
    "id": "daily-score-200-points",
    "sortOrder": 19,
    "type": "daily",
    "title": "Score 200 Points"
  },
  {
    "reward": {
      "type": "flectcoins",
      "amount": 100
    },
    "target": 100,
    "tier": "Tier 3: Hard",
    "category": "word-finding",
    "objective": "Find X Words Today",
    "gems": 0,
    "flectcoins": 100,
    "description": "Find 100 words today",
    "id": "daily-find-100-words",
    "sortOrder": 9,
    "type": "daily",
    "title": "Find 100 Words"
  },
  {
    "reward": {
      "type": "flectcoins",
      "amount": 50
    },
    "target": 5,
    "tier": "Weekly Challenges",
    "category": "gameplay",
    "objective": "Play Games This Week",
    "gems": 0,
    "flectcoins": 50,
    "description": "Play 5 games this week",
    "id": "weekly-play-5-games",
    "sortOrder": 7,
    "type": "weekly",
    "title": "Play 5 Games"
  },
  {
    "reward": {
      "type": "flectcoins",
      "amount": 150
    },
    "target": 1000,
    "tier": "Weekly Score Goals",
    "category": "scoring",
    "objective": "Score Points This Week",
    "gems": 0,
    "flectcoins": 150,
    "description": "Score 1000 points this week",
    "id": "weekly-score-1000-points",
    "sortOrder": 5,
    "type": "weekly",
    "title": "Score 1000 Points"
  },
  {
    "reward": {
      "type": "flectcoins",
      "amount": 125
    },
    "target": 125,
    "tier": "Tier 3: Hard",
    "category": "word-finding",
    "objective": "Find X Words Today",
    "gems": 0,
    "flectcoins": 125,
    "description": "Find 125 words today",
    "id": "daily-find-125-words",
    "sortOrder": 10,
    "type": "daily",
    "title": "Find 125 Words"
  },
  {
    "reward": {
      "type": "flectcoins",
      "amount": 40
    },
    "target": 40,
    "tier": "Tier 2: Medium",
    "category": "word-finding",
    "objective": "Find X Words Today",
    "gems": 0,
    "flectcoins": 40,
    "description": "Find 40 words today",
    "id": "daily-find-40-words",
    "sortOrder": 6,
    "type": "daily",
    "title": "Find 40 Words"
  },
  {
    "reward": {
      "type": "flectcoins",
      "amount": 250
    },
    "target": 2000,
    "tier": "Weekly Score Goals",
    "category": "scoring",
    "objective": "Score Points This Week",
    "gems": 0,
    "flectcoins": 250,
    "description": "Score 2000 points this week",
    "id": "weekly-score-2000-points",
    "sortOrder": 6,
    "type": "weekly",
    "title": "Score 2000 Points"
  },
  {
    "reward": {
      "type": "flectcoins",
      "amount": 200
    },
    "target": 5,
    "tier": "Weekly Challenges",
    "category": "gameplay",
    "objective": "Complete Games No Powerups This Week",
    "gems": 0,
    "description": "Complete 5 games without using any powerups this week",
    "flectcoins": 200,
    "id": "weekly-complete-5-games-without-hints",
    "sortOrder": 10,
    "title": "Complete 5 Games Without Powerups",
    "type": "weekly"
  },
  {
    "reward": {
      "type": "flectcoins",
      "amount": 120
    },
    "target": 10,
    "tier": "Weekly Challenges",
    "category": "gameplay",
    "objective": "Play Games This Week",
    "gems": 0,
    "flectcoins": 120,
    "description": "Play 10 games this week",
    "id": "weekly-play-10-games",
    "sortOrder": 8,
    "type": "weekly",
    "title": "Play 10 Games"
  },
  {
    "reward": {
      "type": "flectcoins",
      "amount": 50
    },
    "target": 1,
    "tier": "Daily Special",
    "category": "special",
    "objective": "Find Word of the Day Today",
    "gems": 25,
    "flectcoins": 50,
    "description": "Find today's word of the day",
    "id": "daily-find-the-word-of-the-day",
    "sortOrder": 20,
    "type": "daily",
    "title": "Find the Word of the Day"
  },
  {
    "reward": {
      "type": "flectcoins",
      "amount": 30
    },
    "target": 3,
    "tier": "Daily Challenges",
    "category": "word-finding",
    "objective": "Find Long Words Today",
    "gems": 0,
    "flectcoins": 30,
    "description": "Find 3 words with 8 or more letters",
    "id": "daily-find-3-long-words",
    "sortOrder": 17,
    "type": "daily",
    "title": "Find 3 Long Words"
  },
  {
    "reward": {
      "type": "flectcoins",
      "amount": 25
    },
    "target": 1,
    "tier": "Daily Challenges",
    "category": "gameplay",
    "objective": "Complete Game No Powerups Today",
    "gems": 0,
    "description": "Complete a game without using any powerups (hints, shuffles, transforms, time extensions)",
    "flectcoins": 25,
    "id": "daily-complete-game-without-hints",
    "sortOrder": 15,
    "title": "Complete Game Without Powerups",
    "type": "daily"
  },
  {
    "reward": {
      "type": "flectcoins",
      "amount": 20
    },
    "target": 1,
    "tier": "Daily Challenges",
    "category": "word-finding",
    "objective": "Find Long Words Today",
    "gems": 0,
    "flectcoins": 20,
    "description": "Find a word with 8 or more letters",
    "id": "daily-find-a-long-word",
    "sortOrder": 16,
    "type": "daily",
    "title": "Find a Long Word"
  },
  {
    "reward": {
      "type": "flectcoins",
      "amount": 100
    },
    "target": 500,
    "tier": "Weekly Score Goals",
    "category": "scoring",
    "objective": "Score Points This Week",
    "gems": 0,
    "flectcoins": 100,
    "description": "Score 500 points this week",
    "id": "weekly-score-500-points",
    "sortOrder": 4,
    "type": "weekly",
    "title": "Score 500 Points"
  },
  {
    "reward": {
      "type": "gems",
      "amount": 300
    },
    "target": 10000,
    "tier": "Scoring Milestones",
    "category": "scoring",
    "objective": "Score Points Total",
    "gems": 300,
    "flectcoins": 0,
    "description": "Score 10000 points total",
    "id": "global-score-10000-points",
    "sortOrder": 7,
    "type": "global",
    "title": "Score 10000 Points"
  },
  {
    "reward": {
      "type": "flectcoins",
      "amount": 500
    },
    "target": 500,
    "tier": "Weekly Word Goals",
    "category": "word-finding",
    "objective": "Find Words This Week",
    "gems": 0,
    "flectcoins": 500,
    "description": "Find 500 words this week",
    "id": "weekly-find-500-words",
    "sortOrder": 1,
    "type": "weekly",
    "title": "Find 500 Words"
  },
  {
    "reward": {
      "type": "flectcoins",
      "amount": 50
    },
    "target": 50,
    "tier": "Tier 2: Medium",
    "category": "word-finding",
    "objective": "Find X Words Today",
    "gems": 0,
    "flectcoins": 50,
    "description": "Find 50 words today",
    "id": "daily-find-50-words",
    "sortOrder": 7,
    "type": "daily",
    "title": "Find 50 Words"
  },
  {
    "reward": {
      "type": "flectcoins",
      "amount": 30
    },
    "target": 30,
    "tier": "Tier 2: Medium",
    "category": "word-finding",
    "objective": "Find X Words Today",
    "gems": 0,
    "flectcoins": 30,
    "description": "Find 30 words today",
    "id": "daily-find-30-words",
    "sortOrder": 5,
    "type": "daily",
    "title": "Find 30 Words"
  },
  {
    "reward": {
      "type": "gems",
      "amount": 50
    },
    "tier": "Daily Special",
    "createdAt": "2025-08-23T21:32:50.572Z",
    "period": "daily",
    "flectcoins": 0,
    "target": 1,
    "updatedAt": "2025-08-23T21:32:50.572Z",
    "objective": "Find all daily theme words",
    "category": "theme",
    "gems": 50,
    "description": "Complete all 12 daily theme words in a single day",
    "id": "find-all-daily-theme-words",
    "title": "Find All Daily Theme Words"
  },
  {
    "reward": {
      "type": "gems",
      "amount": 500
    },
    "target": 50,
    "tier": "Level Milestones",
    "category": "leveling",
    "objective": "Reach Level",
    "gems": 500,
    "flectcoins": 0,
    "description": "Reach level 50",
    "id": "global-reach-level-50",
    "sortOrder": 3,
    "type": "global",
    "title": "Reach Level 50"
  },
  {
    "reward": {
      "type": "gems",
      "amount": 500
    },
    "target": 5000,
    "tier": "Word Finding Milestones",
    "category": "word-finding",
    "objective": "Find Words Total",
    "gems": 500,
    "flectcoins": 0,
    "description": "Find 5000 words total",
    "id": "global-find-5000-words",
    "sortOrder": 6,
    "type": "global",
    "title": "Find 5000 Words"
  },
  {
    "reward": {
      "type": "flectcoins",
      "amount": 20
    },
    "target": 20,
    "tier": "Tier 1: Easy",
    "category": "word-finding",
    "objective": "Find X Words Today",
    "gems": 0,
    "flectcoins": 20,
    "description": "Find 20 words today",
    "id": "daily-find-20-words",
    "sortOrder": 3,
    "type": "daily",
    "title": "Find 20 Words"
  },
  {
    "reward": {
      "type": "flectcoins",
      "amount": 150
    },
    "target": 7,
    "tier": "Weekly Special",
    "category": "special",
    "objective": "Find Word of the Day 7 Days This Week",
    "gems": 75,
    "flectcoins": 150,
    "description": "Find the word of the day for 7 consecutive days",
    "id": "weekly-find-the-word-of-the-day-7-days-in-a-row",
    "sortOrder": 12,
    "type": "weekly",
    "title": "Find the Word of the Day 7 Days in a Row"
  },
  {
    "reward": {
      "type": "gems",
      "amount": 250
    },
    "target": 25,
    "tier": "Level Milestones",
    "category": "leveling",
    "objective": "Reach Level",
    "gems": 250,
    "flectcoins": 0,
    "description": "Reach level 25",
    "id": "global-reach-level-25",
    "sortOrder": 2,
    "type": "global",
    "title": "Reach Level 25"
  },
  {
    "reward": {
      "type": "flectcoins",
      "amount": 750
    },
    "target": 750,
    "tier": "Weekly Word Goals",
    "category": "word-finding",
    "objective": "Find Words This Week",
    "gems": 0,
    "flectcoins": 750,
    "description": "Find 750 words this week",
    "id": "weekly-find-750-words",
    "sortOrder": 2,
    "type": "weekly",
    "title": "Find 750 Words"
  },
  {
    "reward": {
      "type": "flectcoins",
      "amount": 75
    },
    "target": 75,
    "tier": "Tier 3: Hard",
    "category": "word-finding",
    "objective": "Find X Words Today",
    "gems": 0,
    "flectcoins": 75,
    "description": "Find 75 words today",
    "id": "daily-find-75-words",
    "sortOrder": 8,
    "type": "daily",
    "title": "Find 75 Words"
  },
  {
    "reward": {
      "type": "gems",
      "amount": 75
    },
    "target": 7,
    "tier": "Login Milestones",
    "category": "login",
    "objective": "Login Streak",
    "gems": 75,
    "flectcoins": 0,
    "description": "Log in for 7 consecutive days",
    "id": "global-maintain-7-day-login-streak",
    "sortOrder": 8,
    "type": "global",
    "title": "Maintain 7-Day Login Streak"
  },
  {
    "reward": {
      "type": "flectcoins",
      "amount": 25
    },
    "target": 25,
    "tier": "Tier 1: Easy",
    "category": "word-finding",
    "objective": "Find X Words Today",
    "gems": 0,
    "flectcoins": 25,
    "description": "Find 25 words today",
    "id": "daily-find-25-words",
    "sortOrder": 4,
    "type": "daily",
    "title": "Find 25 Words"
  },
  {
    "reward": {
      "type": "flectcoins",
      "amount": 80
    },
    "target": 10,
    "tier": "Weekly Challenges",
    "category": "letter-specific",
    "objective": "Find Long Words This Week",
    "gems": 0,
    "flectcoins": 80,
    "description": "Find 10 words with 8 or more letters this week",
    "id": "weekly-find-10-long-words",
    "sortOrder": 11,
    "type": "weekly",
    "title": "Find 10 Long Words"
  },
  {
    "reward": {
      "type": "flectcoins",
      "amount": 150
    },
    "target": 150,
    "tier": "Tier 4: Expert",
    "category": "word-finding",
    "objective": "Find X Words Today",
    "gems": 0,
    "flectcoins": 150,
    "description": "Find 150 words today",
    "id": "daily-find-150-words",
    "sortOrder": 11,
    "type": "daily",
    "title": "Find 150 Words"
  },
  {
    "reward": {
      "type": "gems",
      "amount": 150
    },
    "target": 100,
    "tier": "Gameplay Milestones",
    "category": "gameplay",
    "objective": "Play Games Total",
    "gems": 150,
    "flectcoins": 0,
    "description": "Play 100 games total",
    "id": "global-play-100-games",
    "sortOrder": 4,
    "type": "global",
    "title": "Play 100 Games"
  },
  {
    "reward": {
      "type": "flectcoins",
      "amount": 200
    },
    "target": 200,
    "tier": "Tier 4: Expert",
    "category": "word-finding",
    "objective": "Find X Words Today",
    "gems": 0,
    "flectcoins": 200,
    "description": "Find 200 words today",
    "id": "daily-find-200-words",
    "sortOrder": 12,
    "type": "daily",
    "title": "Find 200 Words"
  },
  {
    "reward": {
      "type": "flectcoins",
      "amount": 10
    },
    "target": 10,
    "tier": "Tier 1: Easy",
    "category": "word-finding",
    "objective": "Find X Words Today",
    "gems": 0,
    "flectcoins": 10,
    "description": "Find 10 words today",
    "id": "daily-find-10-words",
    "sortOrder": 1,
    "type": "daily",
    "title": "Find 10 Words"
  }
]