[
  {
    "date": "2025-09-04",
    "word": "penguin"
  },
  {
    "date": "2025-08-29",
    "word": "soul"
  },
  {
    "date": "2025-09-14",
    "word": "bridge"
  },
  {
    "date": "2025-09-08",
    "word": "chalet"
  },
  {
    "date": "2025-08-23",
    "word": "violet"
  },
  {
    "date": "2025-09-11",
    "word": "shed"
  },
  {
    "date": "2025-08-24",
    "word": "tundra"
  },
  {
    "date": "2025-09-01",
    "word": "cabin"
  },
  {
    "date": "2025-09-02",
    "word": "wisdom"
  },
  {
    "date": "2025-09-12",
    "word": "rice"
  },
  {
    "date": "2025-09-13",
    "word": "barn"
  },
  {
    "date": "2025-09-07",
    "word": "hippo"
  },
  {
    "date": "2025-09-15",
    "word": "sewing"
  },
  {
    "date": "2025-09-16",
    "word": "beauty"
  },
  {
    "date": "2025-08-31",
    "word": "happy"
  },
  {
    "date": "2025-08-26",
    "word": "dark"
  },
  {
    "date": "2025-08-30",
    "word": "ruby"
  },
  {
    "date": "2025-09-18",
    "word": "ruby"
  },
  {
    "date": "2025-08-27",
    "word": "garage"
  },
  {
    "date": "2025-09-09",
    "word": "cooking"
  },
  {
    "date": "2025-08-28",
    "word": "villa"
  },
  {
    "date": "2025-09-17",
    "word": "forest"
  },
  {
    "date": "2025-09-05",
    "word": "dumpling"
  },
  {
    "date": "2025-09-10",
    "word": "glacier"
  },
  {
    "date": "2025-09-06",
    "word": "dragon"
  },
  {
    "date": "2025-08-22",
    "word": "taco"
  },
  {
    "date": "2025-08-25",
    "word": "hopeful"
  },
  {
    "date": "2025-09-03",
    "word": "teal"
  }
]