{
  "TableName": "wordflect-backend-battles-prod",
  "AttributeDefinitions": [
    { "AttributeName": "id", "AttributeType": "S" },
    { "AttributeName": "status", "AttributeType": "S" },
    { "AttributeName": "challengerId", "AttributeType": "S" },
    { "AttributeName": "opponentId", "AttributeType": "S" }
  ],
  "KeySchema": [
    { "AttributeName": "id", "KeyType": "HASH" }
  ],
  "GlobalSecondaryIndexes": [
    {
      "IndexName": "status-challenger-index",
      "KeySchema": [
        { "AttributeName": "status", "KeyType": "HASH" },
        { "AttributeName": "challengerId", "KeyType": "RANGE" }
      ],
      "Projection": { "ProjectionType": "ALL" }
    },
    {
      "IndexName": "status-opponent-index",
      "KeySchema": [
        { "AttributeName": "status", "KeyType": "HASH" },
        { "AttributeName": "opponentId", "KeyType": "RANGE" }
      ],
      "Projection": { "ProjectionType": "ALL" }
    }
  ],
  "BillingMode": "PAY_PER_REQUEST"
} 