{
    "Versions": [
        {
            "FunctionName": "wordflect-backend-dev2-getUserMissions",
            "FunctionArn": "arn:aws:lambda:us-east-2:516141816050:function:wordflect-backend-dev2-getUserMissions:$LATEST",
            "Runtime": "nodejs18.x",
            "Role": "arn:aws:iam::516141816050:role/wordflect-backend-dev2-us-east-2-lambdaRole",
            "Handler": "src/handlers/getUserMissions.handler",
            "CodeSize": 75853568,
            "Description": "",
            "Timeout": 6,
            "MemorySize": 1024,
            "LastModified": "2025-06-17T00:23:57.000+0000",
            "CodeSha256": "oFpNSavSDHy3M4U57NbTLLRoqHhzo2lW8rfXoAK3jK0=",
            "Version": "$LATEST",
            "Environment": {
                "Variables": {
                    "JWT_SECRET": "c6ebabf7bf78c0155fd64564a956644acf63470cf965a6ac590b97d0f0ae0622",
                    "USERS_TABLE": "wordflect-backend-users-dev2",
                    "WORD_OF_THE_DAY_TABLE": "wordflect-backend-word-of-the-day-dev2",
                    "MISSIONS_TABLE": "wordflect-backend-missions-dev2",
                    "SES_FROM_EMAIL": "no-reply@wordflect.com",
                    "PASSWORD_RESET_TABLE": "wordflect-backend-password-reset-tokens-dev2"
                }
            },
            "TracingConfig": {
                "Mode": "PassThrough"
            },
            "RevisionId": "391b7ed6-7813-4a1d-be71-cd7d00335b02",
            "PackageType": "Zip",
            "Architectures": [
                "x86_64"
            ],
            "EphemeralStorage": {
                "Size": 512
            },
            "SnapStart": {
                "ApplyOn": "None",
                "OptimizationStatus": "Off"
            },
            "LoggingConfig": {
                "LogFormat": "Text",
                "LogGroup": "/aws/lambda/wordflect-backend-dev2-getUserMissions"
            }
        },
        {
            "FunctionName": "wordflect-backend-dev2-getUserMissions",
            "FunctionArn": "arn:aws:lambda:us-east-2:516141816050:function:wordflect-backend-dev2-getUserMissions:1",
            "Runtime": "nodejs18.x",
            "Role": "arn:aws:iam::516141816050:role/wordflect-backend-dev2-us-east-2-lambdaRole",
            "Handler": "src/handlers/getUserMissions.handler",
            "CodeSize": 58926951,
            "Description": "",
            "Timeout": 6,
            "MemorySize": 1024,
            "LastModified": "2025-06-07T19:33:31.653+0000",
            "CodeSha256": "q1bo0YLc4uRn0D3r1JEM/1SGadv6rMFOsqnT0XtNjBM=",
            "Version": "1",
            "Environment": {
                "Variables": {
                    "JWT_SECRET": "c6ebabf7bf78c0155fd64564a956644acf63470cf965a6ac590b97d0f0ae0622",
                    "USERS_TABLE": "wordflect-backend-users-dev2",
                    "WORD_OF_THE_DAY_TABLE": "wordflect-backend-word-of-the-day-dev2",
                    "MISSIONS_TABLE": "wordflect-backend-missions-dev2",
                    "SES_FROM_EMAIL": "no-reply@wordflect.com",
                    "PASSWORD_RESET_TABLE": "wordflect-backend-password-reset-tokens-dev2"
                }
            },
            "TracingConfig": {
                "Mode": "PassThrough"
            },
            "RevisionId": "cb2b8c1b-1dea-4fa3-99d3-e8894d15ac59",
            "PackageType": "Zip",
            "Architectures": [
                "x86_64"
            ],
            "EphemeralStorage": {
                "Size": 512
            },
            "SnapStart": {
                "ApplyOn": "None",
                "OptimizationStatus": "Off"
            },
            "LoggingConfig": {
                "LogFormat": "Text",
                "LogGroup": "/aws/lambda/wordflect-backend-dev2-getUserMissions"
            }
        },
        {
            "FunctionName": "wordflect-backend-dev2-getUserMissions",
            "FunctionArn": "arn:aws:lambda:us-east-2:516141816050:function:wordflect-backend-dev2-getUserMissions:2",
            "Runtime": "nodejs18.x",
            "Role": "arn:aws:iam::516141816050:role/wordflect-backend-dev2-us-east-2-lambdaRole",
            "Handler": "src/handlers/getUserMissions.handler",
            "CodeSize": 59855054,
            "Description": "",
            "Timeout": 6,
            "MemorySize": 1024,
            "LastModified": "2025-06-07T20:11:22.000+0000",
            "CodeSha256": "36iN8/kXK+yP/uMqad0wc0SwZmhgHw81gSvS+h4qHps=",
            "Version": "2",
            "Environment": {
                "Variables": {
                    "JWT_SECRET": "c6ebabf7bf78c0155fd64564a956644acf63470cf965a6ac590b97d0f0ae0622",
                    "USERS_TABLE": "wordflect-backend-users-dev2",
                    "WORD_OF_THE_DAY_TABLE": "wordflect-backend-word-of-the-day-dev2",
                    "MISSIONS_TABLE": "wordflect-backend-missions-dev2",
                    "SES_FROM_EMAIL": "no-reply@wordflect.com",
                    "PASSWORD_RESET_TABLE": "wordflect-backend-password-reset-tokens-dev2"
                }
            },
            "TracingConfig": {
                "Mode": "PassThrough"
            },
            "RevisionId": "38b1840d-87d2-4bd0-8a1c-07c52458939c",
            "PackageType": "Zip",
            "Architectures": [
                "x86_64"
            ],
            "EphemeralStorage": {
                "Size": 512
            },
            "SnapStart": {
                "ApplyOn": "None",
                "OptimizationStatus": "Off"
            },
            "LoggingConfig": {
                "LogFormat": "Text",
                "LogGroup": "/aws/lambda/wordflect-backend-dev2-getUserMissions"
            }
        },
        {
            "FunctionName": "wordflect-backend-dev2-getUserMissions",
            "FunctionArn": "arn:aws:lambda:us-east-2:516141816050:function:wordflect-backend-dev2-getUserMissions:3",
            "Runtime": "nodejs18.x",
            "Role": "arn:aws:iam::516141816050:role/wordflect-backend-dev2-us-east-2-lambdaRole",
            "Handler": "src/handlers/getUserMissions.handler",
            "CodeSize": 59855260,
            "Description": "",
            "Timeout": 6,
            "MemorySize": 1024,
            "LastModified": "2025-06-07T20:28:02.000+0000",
            "CodeSha256": "zeEphUm2Nt730CCZJFrmZCOyEnZc5fo5izLX+ez0+3A=",
            "Version": "3",
            "Environment": {
                "Variables": {
                    "JWT_SECRET": "c6ebabf7bf78c0155fd64564a956644acf63470cf965a6ac590b97d0f0ae0622",
                    "USERS_TABLE": "wordflect-backend-users-dev2",
                    "WORD_OF_THE_DAY_TABLE": "wordflect-backend-word-of-the-day-dev2",
                    "MISSIONS_TABLE": "wordflect-backend-missions-dev2",
                    "SES_FROM_EMAIL": "no-reply@wordflect.com",
                    "PASSWORD_RESET_TABLE": "wordflect-backend-password-reset-tokens-dev2"
                }
            },
            "TracingConfig": {
                "Mode": "PassThrough"
            },
            "RevisionId": "1e4804fe-a9ad-48b3-a448-97acf8c9eca1",
            "PackageType": "Zip",
            "Architectures": [
                "x86_64"
            ],
            "EphemeralStorage": {
                "Size": 512
            },
            "SnapStart": {
                "ApplyOn": "None",
                "OptimizationStatus": "Off"
            },
            "LoggingConfig": {
                "LogFormat": "Text",
                "LogGroup": "/aws/lambda/wordflect-backend-dev2-getUserMissions"
            }
        },
        {
            "FunctionName": "wordflect-backend-dev2-getUserMissions",
            "FunctionArn": "arn:aws:lambda:us-east-2:516141816050:function:wordflect-backend-dev2-getUserMissions:4",
            "Runtime": "nodejs18.x",
            "Role": "arn:aws:iam::516141816050:role/wordflect-backend-dev2-us-east-2-lambdaRole",
            "Handler": "src/handlers/getUserMissions.handler",
            "CodeSize": 59855310,
            "Description": "",
            "Timeout": 6,
            "MemorySize": 1024,
            "LastModified": "2025-06-08T02:00:55.000+0000",
            "CodeSha256": "ttELzZhVgHj/9qNPvRpg1PbRyqOrWfEM0p/GV/G4Iws=",
            "Version": "4",
            "Environment": {
                "Variables": {
                    "JWT_SECRET": "c6ebabf7bf78c0155fd64564a956644acf63470cf965a6ac590b97d0f0ae0622",
                    "USERS_TABLE": "wordflect-backend-users-dev2",
                    "WORD_OF_THE_DAY_TABLE": "wordflect-backend-word-of-the-day-dev2",
                    "MISSIONS_TABLE": "wordflect-backend-missions-dev2",
                    "SES_FROM_EMAIL": "no-reply@wordflect.com",
                    "PASSWORD_RESET_TABLE": "wordflect-backend-password-reset-tokens-dev2"
                }
            },
            "TracingConfig": {
                "Mode": "PassThrough"
            },
            "RevisionId": "c717697d-f0f3-44dd-9e51-1976bcdbfd82",
            "PackageType": "Zip",
            "Architectures": [
                "x86_64"
            ],
            "EphemeralStorage": {
                "Size": 512
            },
            "SnapStart": {
                "ApplyOn": "None",
                "OptimizationStatus": "Off"
            },
            "LoggingConfig": {
                "LogFormat": "Text",
                "LogGroup": "/aws/lambda/wordflect-backend-dev2-getUserMissions"
            }
        },
        {
            "FunctionName": "wordflect-backend-dev2-getUserMissions",
            "FunctionArn": "arn:aws:lambda:us-east-2:516141816050:function:wordflect-backend-dev2-getUserMissions:5",
            "Runtime": "nodejs18.x",
            "Role": "arn:aws:iam::516141816050:role/wordflect-backend-dev2-us-east-2-lambdaRole",
            "Handler": "src/handlers/getUserMissions.handler",
            "CodeSize": 59855339,
            "Description": "",
            "Timeout": 6,
            "MemorySize": 1024,
            "LastModified": "2025-06-08T02:14:19.000+0000",
            "CodeSha256": "tXdS4ietOslkvWOZuIbXmMYvCfU6fMc2p6xV918SAsM=",
            "Version": "5",
            "Environment": {
                "Variables": {
                    "JWT_SECRET": "c6ebabf7bf78c0155fd64564a956644acf63470cf965a6ac590b97d0f0ae0622",
                    "USERS_TABLE": "wordflect-backend-users-dev2",
                    "WORD_OF_THE_DAY_TABLE": "wordflect-backend-word-of-the-day-dev2",
                    "MISSIONS_TABLE": "wordflect-backend-missions-dev2",
                    "SES_FROM_EMAIL": "no-reply@wordflect.com",
                    "PASSWORD_RESET_TABLE": "wordflect-backend-password-reset-tokens-dev2"
                }
            },
            "TracingConfig": {
                "Mode": "PassThrough"
            },
            "RevisionId": "24963f08-d386-4010-a740-8c08ef51bba5",
            "PackageType": "Zip",
            "Architectures": [
                "x86_64"
            ],
            "EphemeralStorage": {
                "Size": 512
            },
            "SnapStart": {
                "ApplyOn": "None",
                "OptimizationStatus": "Off"
            },
            "LoggingConfig": {
                "LogFormat": "Text",
                "LogGroup": "/aws/lambda/wordflect-backend-dev2-getUserMissions"
            }
        },
        {
            "FunctionName": "wordflect-backend-dev2-getUserMissions",
            "FunctionArn": "arn:aws:lambda:us-east-2:516141816050:function:wordflect-backend-dev2-getUserMissions:6",
            "Runtime": "nodejs18.x",
            "Role": "arn:aws:iam::516141816050:role/wordflect-backend-dev2-us-east-2-lambdaRole",
            "Handler": "src/handlers/getUserMissions.handler",
            "CodeSize": 59855306,
            "Description": "",
            "Timeout": 6,
            "MemorySize": 1024,
            "LastModified": "2025-06-08T02:25:49.000+0000",
            "CodeSha256": "58iysrGao6lHiOY8vfcs17kyTr4EPADM6iovCEGdRKs=",
            "Version": "6",
            "Environment": {
                "Variables": {
                    "JWT_SECRET": "c6ebabf7bf78c0155fd64564a956644acf63470cf965a6ac590b97d0f0ae0622",
                    "USERS_TABLE": "wordflect-backend-users-dev2",
                    "WORD_OF_THE_DAY_TABLE": "wordflect-backend-word-of-the-day-dev2",
                    "MISSIONS_TABLE": "wordflect-backend-missions-dev2",
                    "SES_FROM_EMAIL": "no-reply@wordflect.com",
                    "PASSWORD_RESET_TABLE": "wordflect-backend-password-reset-tokens-dev2"
                }
            },
            "TracingConfig": {
                "Mode": "PassThrough"
            },
            "RevisionId": "b45ae493-f0d7-49cc-ad72-8bfe0d001342",
            "PackageType": "Zip",
            "Architectures": [
                "x86_64"
            ],
            "EphemeralStorage": {
                "Size": 512
            },
            "SnapStart": {
                "ApplyOn": "None",
                "OptimizationStatus": "Off"
            },
            "LoggingConfig": {
                "LogFormat": "Text",
                "LogGroup": "/aws/lambda/wordflect-backend-dev2-getUserMissions"
            }
        },
        {
            "FunctionName": "wordflect-backend-dev2-getUserMissions",
            "FunctionArn": "arn:aws:lambda:us-east-2:516141816050:function:wordflect-backend-dev2-getUserMissions:7",
            "Runtime": "nodejs18.x",
            "Role": "arn:aws:iam::516141816050:role/wordflect-backend-dev2-us-east-2-lambdaRole",
            "Handler": "src/handlers/getUserMissions.handler",
            "CodeSize": 59855309,
            "Description": "",
            "Timeout": 6,
            "MemorySize": 1024,
            "LastModified": "2025-06-08T12:43:36.000+0000",
            "CodeSha256": "Fhg7KD3fcBOr/rzyZ+fORGMvA607AwFPGCwvCYAhknA=",
            "Version": "7",
            "Environment": {
                "Variables": {
                    "JWT_SECRET": "c6ebabf7bf78c0155fd64564a956644acf63470cf965a6ac590b97d0f0ae0622",
                    "USERS_TABLE": "wordflect-backend-users-dev2",
                    "WORD_OF_THE_DAY_TABLE": "wordflect-backend-word-of-the-day-dev2",
                    "MISSIONS_TABLE": "wordflect-backend-missions-dev2",
                    "SES_FROM_EMAIL": "no-reply@wordflect.com",
                    "PASSWORD_RESET_TABLE": "wordflect-backend-password-reset-tokens-dev2"
                }
            },
            "TracingConfig": {
                "Mode": "PassThrough"
            },
            "RevisionId": "c4025655-5008-4d42-9106-9a33de0fb5a6",
            "PackageType": "Zip",
            "Architectures": [
                "x86_64"
            ],
            "EphemeralStorage": {
                "Size": 512
            },
            "SnapStart": {
                "ApplyOn": "None",
                "OptimizationStatus": "Off"
            },
            "LoggingConfig": {
                "LogFormat": "Text",
                "LogGroup": "/aws/lambda/wordflect-backend-dev2-getUserMissions"
            }
        },
        {
            "FunctionName": "wordflect-backend-dev2-getUserMissions",
            "FunctionArn": "arn:aws:lambda:us-east-2:516141816050:function:wordflect-backend-dev2-getUserMissions:8",
            "Runtime": "nodejs18.x",
            "Role": "arn:aws:iam::516141816050:role/wordflect-backend-dev2-us-east-2-lambdaRole",
            "Handler": "src/handlers/getUserMissions.handler",
            "CodeSize": 59855318,
            "Description": "",
            "Timeout": 6,
            "MemorySize": 1024,
            "LastModified": "2025-06-08T14:03:39.000+0000",
            "CodeSha256": "Nq9CHvmWe7ZEmELWhu1hFF4yjWafm1R60xhyRNUXJGM=",
            "Version": "8",
            "Environment": {
                "Variables": {
                    "JWT_SECRET": "c6ebabf7bf78c0155fd64564a956644acf63470cf965a6ac590b97d0f0ae0622",
                    "USERS_TABLE": "wordflect-backend-users-dev2",
                    "WORD_OF_THE_DAY_TABLE": "wordflect-backend-word-of-the-day-dev2",
                    "MISSIONS_TABLE": "wordflect-backend-missions-dev2",
                    "SES_FROM_EMAIL": "no-reply@wordflect.com",
                    "PASSWORD_RESET_TABLE": "wordflect-backend-password-reset-tokens-dev2"
                }
            },
            "TracingConfig": {
                "Mode": "PassThrough"
            },
            "RevisionId": "a40ac835-d559-47c0-be91-c32aff9a25d0",
            "PackageType": "Zip",
            "Architectures": [
                "x86_64"
            ],
            "EphemeralStorage": {
                "Size": 512
            },
            "SnapStart": {
                "ApplyOn": "None",
                "OptimizationStatus": "Off"
            },
            "LoggingConfig": {
                "LogFormat": "Text",
                "LogGroup": "/aws/lambda/wordflect-backend-dev2-getUserMissions"
            }
        },
        {
            "FunctionName": "wordflect-backend-dev2-getUserMissions",
            "FunctionArn": "arn:aws:lambda:us-east-2:516141816050:function:wordflect-backend-dev2-getUserMissions:9",
            "Runtime": "nodejs18.x",
            "Role": "arn:aws:iam::516141816050:role/wordflect-backend-dev2-us-east-2-lambdaRole",
            "Handler": "src/handlers/getUserMissions.handler",
            "CodeSize": 59855326,
            "Description": "",
            "Timeout": 6,
            "MemorySize": 1024,
            "LastModified": "2025-06-08T14:17:39.000+0000",
            "CodeSha256": "5UC0ugHOVKuFI2g3gArgH8ywiHXPEpBM/Wv4SIMNF+U=",
            "Version": "9",
            "Environment": {
                "Variables": {
                    "JWT_SECRET": "c6ebabf7bf78c0155fd64564a956644acf63470cf965a6ac590b97d0f0ae0622",
                    "USERS_TABLE": "wordflect-backend-users-dev2",
                    "WORD_OF_THE_DAY_TABLE": "wordflect-backend-word-of-the-day-dev2",
                    "MISSIONS_TABLE": "wordflect-backend-missions-dev2",
                    "SES_FROM_EMAIL": "no-reply@wordflect.com",
                    "PASSWORD_RESET_TABLE": "wordflect-backend-password-reset-tokens-dev2"
                }
            },
            "TracingConfig": {
                "Mode": "PassThrough"
            },
            "RevisionId": "882318e0-8c0d-448c-aaf1-366d896f576c",
            "PackageType": "Zip",
            "Architectures": [
                "x86_64"
            ],
            "EphemeralStorage": {
                "Size": 512
            },
            "SnapStart": {
                "ApplyOn": "None",
                "OptimizationStatus": "Off"
            },
            "LoggingConfig": {
                "LogFormat": "Text",
                "LogGroup": "/aws/lambda/wordflect-backend-dev2-getUserMissions"
            }
        },
        {
            "FunctionName": "wordflect-backend-dev2-getUserMissions",
            "FunctionArn": "arn:aws:lambda:us-east-2:516141816050:function:wordflect-backend-dev2-getUserMissions:10",
            "Runtime": "nodejs18.x",
            "Role": "arn:aws:iam::516141816050:role/wordflect-backend-dev2-us-east-2-lambdaRole",
            "Handler": "src/handlers/getUserMissions.handler",
            "CodeSize": 59855412,
            "Description": "",
            "Timeout": 6,
            "MemorySize": 1024,
            "LastModified": "2025-06-08T14:33:25.000+0000",
            "CodeSha256": "tLlQQofT0rkgpo9nxgT8456eMY5bEBh2TyG0QlFsnUA=",
            "Version": "10",
            "Environment": {
                "Variables": {
                    "JWT_SECRET": "c6ebabf7bf78c0155fd64564a956644acf63470cf965a6ac590b97d0f0ae0622",
                    "USERS_TABLE": "wordflect-backend-users-dev2",
                    "WORD_OF_THE_DAY_TABLE": "wordflect-backend-word-of-the-day-dev2",
                    "MISSIONS_TABLE": "wordflect-backend-missions-dev2",
                    "SES_FROM_EMAIL": "no-reply@wordflect.com",
                    "PASSWORD_RESET_TABLE": "wordflect-backend-password-reset-tokens-dev2"
                }
            },
            "TracingConfig": {
                "Mode": "PassThrough"
            },
            "RevisionId": "af151ee9-91ff-46f5-af8a-1708640f56fe",
            "PackageType": "Zip",
            "Architectures": [
                "x86_64"
            ],
            "EphemeralStorage": {
                "Size": 512
            },
            "SnapStart": {
                "ApplyOn": "None",
                "OptimizationStatus": "Off"
            },
            "LoggingConfig": {
                "LogFormat": "Text",
                "LogGroup": "/aws/lambda/wordflect-backend-dev2-getUserMissions"
            }
        },
        {
            "FunctionName": "wordflect-backend-dev2-getUserMissions",
            "FunctionArn": "arn:aws:lambda:us-east-2:516141816050:function:wordflect-backend-dev2-getUserMissions:11",
            "Runtime": "nodejs18.x",
            "Role": "arn:aws:iam::516141816050:role/wordflect-backend-dev2-us-east-2-lambdaRole",
            "Handler": "src/handlers/getUserMissions.handler",
            "CodeSize": 59855318,
            "Description": "",
            "Timeout": 6,
            "MemorySize": 1024,
            "LastModified": "2025-06-08T18:30:37.000+0000",
            "CodeSha256": "HyErZTNw67cQSYidUYXgiDhy3voZbF0iAj4ipjNpBX8=",
            "Version": "11",
            "Environment": {
                "Variables": {
                    "JWT_SECRET": "c6ebabf7bf78c0155fd64564a956644acf63470cf965a6ac590b97d0f0ae0622",
                    "USERS_TABLE": "wordflect-backend-users-dev2",
                    "WORD_OF_THE_DAY_TABLE": "wordflect-backend-word-of-the-day-dev2",
                    "MISSIONS_TABLE": "wordflect-backend-missions-dev2",
                    "SES_FROM_EMAIL": "no-reply@wordflect.com",
                    "PASSWORD_RESET_TABLE": "wordflect-backend-password-reset-tokens-dev2"
                }
            },
            "TracingConfig": {
                "Mode": "PassThrough"
            },
            "RevisionId": "f27beca1-3a96-4efc-9312-2c9cf7d7a4ba",
            "PackageType": "Zip",
            "Architectures": [
                "x86_64"
            ],
            "EphemeralStorage": {
                "Size": 512
            },
            "SnapStart": {
                "ApplyOn": "None",
                "OptimizationStatus": "Off"
            },
            "LoggingConfig": {
                "LogFormat": "Text",
                "LogGroup": "/aws/lambda/wordflect-backend-dev2-getUserMissions"
            }
        },
        {
            "FunctionName": "wordflect-backend-dev2-getUserMissions",
            "FunctionArn": "arn:aws:lambda:us-east-2:516141816050:function:wordflect-backend-dev2-getUserMissions:12",
            "Runtime": "nodejs18.x",
            "Role": "arn:aws:iam::516141816050:role/wordflect-backend-dev2-us-east-2-lambdaRole",
            "Handler": "src/handlers/getUserMissions.handler",
            "CodeSize": 59855347,
            "Description": "",
            "Timeout": 6,
            "MemorySize": 1024,
            "LastModified": "2025-06-08T18:42:02.000+0000",
            "CodeSha256": "UZOwlenmgifyEVRyjFvg7KSUDN/oaSSel22uypvquNc=",
            "Version": "12",
            "Environment": {
                "Variables": {
                    "JWT_SECRET": "c6ebabf7bf78c0155fd64564a956644acf63470cf965a6ac590b97d0f0ae0622",
                    "USERS_TABLE": "wordflect-backend-users-dev2",
                    "WORD_OF_THE_DAY_TABLE": "wordflect-backend-word-of-the-day-dev2",
                    "MISSIONS_TABLE": "wordflect-backend-missions-dev2",
                    "SES_FROM_EMAIL": "no-reply@wordflect.com",
                    "PASSWORD_RESET_TABLE": "wordflect-backend-password-reset-tokens-dev2"
                }
            },
            "TracingConfig": {
                "Mode": "PassThrough"
            },
            "RevisionId": "e6b107bc-5510-481e-a1cd-97a5faed44f9",
            "PackageType": "Zip",
            "Architectures": [
                "x86_64"
            ],
            "EphemeralStorage": {
                "Size": 512
            },
            "SnapStart": {
                "ApplyOn": "None",
                "OptimizationStatus": "Off"
            },
            "LoggingConfig": {
                "LogFormat": "Text",
                "LogGroup": "/aws/lambda/wordflect-backend-dev2-getUserMissions"
            }
        },
        {
            "FunctionName": "wordflect-backend-dev2-getUserMissions",
            "FunctionArn": "arn:aws:lambda:us-east-2:516141816050:function:wordflect-backend-dev2-getUserMissions:13",
            "Runtime": "nodejs18.x",
            "Role": "arn:aws:iam::516141816050:role/wordflect-backend-dev2-us-east-2-lambdaRole",
            "Handler": "src/handlers/getUserMissions.handler",
            "CodeSize": 59855417,
            "Description": "",
            "Timeout": 6,
            "MemorySize": 1024,
            "LastModified": "2025-06-08T18:56:14.000+0000",
            "CodeSha256": "wNmAHegQeKpfFk/0OxISgt6ulPVNAGzDdynSh+354J4=",
            "Version": "13",
            "Environment": {
                "Variables": {
                    "JWT_SECRET": "c6ebabf7bf78c0155fd64564a956644acf63470cf965a6ac590b97d0f0ae0622",
                    "USERS_TABLE": "wordflect-backend-users-dev2",
                    "WORD_OF_THE_DAY_TABLE": "wordflect-backend-word-of-the-day-dev2",
                    "MISSIONS_TABLE": "wordflect-backend-missions-dev2",
                    "SES_FROM_EMAIL": "no-reply@wordflect.com",
                    "PASSWORD_RESET_TABLE": "wordflect-backend-password-reset-tokens-dev2"
                }
            },
            "TracingConfig": {
                "Mode": "PassThrough"
            },
            "RevisionId": "f459d0b5-9dd2-4d69-b193-ff70147e0a35",
            "PackageType": "Zip",
            "Architectures": [
                "x86_64"
            ],
            "EphemeralStorage": {
                "Size": 512
            },
            "SnapStart": {
                "ApplyOn": "None",
                "OptimizationStatus": "Off"
            },
            "LoggingConfig": {
                "LogFormat": "Text",
                "LogGroup": "/aws/lambda/wordflect-backend-dev2-getUserMissions"
            }
        },
        {
            "FunctionName": "wordflect-backend-dev2-getUserMissions",
            "FunctionArn": "arn:aws:lambda:us-east-2:516141816050:function:wordflect-backend-dev2-getUserMissions:14",
            "Runtime": "nodejs18.x",
            "Role": "arn:aws:iam::516141816050:role/wordflect-backend-dev2-us-east-2-lambdaRole",
            "Handler": "src/handlers/getUserMissions.handler",
            "CodeSize": 59855426,
            "Description": "",
            "Timeout": 6,
            "MemorySize": 1024,
            "LastModified": "2025-06-08T19:08:29.000+0000",
            "CodeSha256": "LXNvmpTUjnFHxVZvnmfZ2gRIuyYd86BqZojbv7kOsR4=",
            "Version": "14",
            "Environment": {
                "Variables": {
                    "JWT_SECRET": "c6ebabf7bf78c0155fd64564a956644acf63470cf965a6ac590b97d0f0ae0622",
                    "USERS_TABLE": "wordflect-backend-users-dev2",
                    "WORD_OF_THE_DAY_TABLE": "wordflect-backend-word-of-the-day-dev2",
                    "MISSIONS_TABLE": "wordflect-backend-missions-dev2",
                    "SES_FROM_EMAIL": "no-reply@wordflect.com",
                    "PASSWORD_RESET_TABLE": "wordflect-backend-password-reset-tokens-dev2"
                }
            },
            "TracingConfig": {
                "Mode": "PassThrough"
            },
            "RevisionId": "4eded280-6a6a-41df-a347-9376bb1252d9",
            "PackageType": "Zip",
            "Architectures": [
                "x86_64"
            ],
            "EphemeralStorage": {
                "Size": 512
            },
            "SnapStart": {
                "ApplyOn": "None",
                "OptimizationStatus": "Off"
            },
            "LoggingConfig": {
                "LogFormat": "Text",
                "LogGroup": "/aws/lambda/wordflect-backend-dev2-getUserMissions"
            }
        },
        {
            "FunctionName": "wordflect-backend-dev2-getUserMissions",
            "FunctionArn": "arn:aws:lambda:us-east-2:516141816050:function:wordflect-backend-dev2-getUserMissions:15",
            "Runtime": "nodejs18.x",
            "Role": "arn:aws:iam::516141816050:role/wordflect-backend-dev2-us-east-2-lambdaRole",
            "Handler": "src/handlers/getUserMissions.handler",
            "CodeSize": 59855553,
            "Description": "",
            "Timeout": 6,
            "MemorySize": 1024,
            "LastModified": "2025-06-08T19:42:24.000+0000",
            "CodeSha256": "BFCeZPdBMt53S5xcyxwHbeYU6hZVfAfeqO1RwLb0etA=",
            "Version": "15",
            "Environment": {
                "Variables": {
                    "JWT_SECRET": "c6ebabf7bf78c0155fd64564a956644acf63470cf965a6ac590b97d0f0ae0622",
                    "USERS_TABLE": "wordflect-backend-users-dev2",
                    "WORD_OF_THE_DAY_TABLE": "wordflect-backend-word-of-the-day-dev2",
                    "MISSIONS_TABLE": "wordflect-backend-missions-dev2",
                    "SES_FROM_EMAIL": "no-reply@wordflect.com",
                    "PASSWORD_RESET_TABLE": "wordflect-backend-password-reset-tokens-dev2"
                }
            },
            "TracingConfig": {
                "Mode": "PassThrough"
            },
            "RevisionId": "8e1487c8-dc7d-417a-92da-b5437dedf4e7",
            "PackageType": "Zip",
            "Architectures": [
                "x86_64"
            ],
            "EphemeralStorage": {
                "Size": 512
            },
            "SnapStart": {
                "ApplyOn": "None",
                "OptimizationStatus": "Off"
            },
            "LoggingConfig": {
                "LogFormat": "Text",
                "LogGroup": "/aws/lambda/wordflect-backend-dev2-getUserMissions"
            }
        },
        {
            "FunctionName": "wordflect-backend-dev2-getUserMissions",
            "FunctionArn": "arn:aws:lambda:us-east-2:516141816050:function:wordflect-backend-dev2-getUserMissions:16",
            "Runtime": "nodejs18.x",
            "Role": "arn:aws:iam::516141816050:role/wordflect-backend-dev2-us-east-2-lambdaRole",
            "Handler": "src/handlers/getUserMissions.handler",
            "CodeSize": 59855724,
            "Description": "",
            "Timeout": 6,
            "MemorySize": 1024,
            "LastModified": "2025-06-08T20:45:41.000+0000",
            "CodeSha256": "XEg2BAu9Ytkcuglno3NMzRKok00MuEX2SzZtjnVhgeM=",
            "Version": "16",
            "Environment": {
                "Variables": {
                    "JWT_SECRET": "c6ebabf7bf78c0155fd64564a956644acf63470cf965a6ac590b97d0f0ae0622",
                    "USERS_TABLE": "wordflect-backend-users-dev2",
                    "WORD_OF_THE_DAY_TABLE": "wordflect-backend-word-of-the-day-dev2",
                    "MISSIONS_TABLE": "wordflect-backend-missions-dev2",
                    "SES_FROM_EMAIL": "no-reply@wordflect.com",
                    "PASSWORD_RESET_TABLE": "wordflect-backend-password-reset-tokens-dev2"
                }
            },
            "TracingConfig": {
                "Mode": "PassThrough"
            },
            "RevisionId": "15c5381b-cd34-4b80-88b9-4b8e2ff6e474",
            "PackageType": "Zip",
            "Architectures": [
                "x86_64"
            ],
            "EphemeralStorage": {
                "Size": 512
            },
            "SnapStart": {
                "ApplyOn": "None",
                "OptimizationStatus": "Off"
            },
            "LoggingConfig": {
                "LogFormat": "Text",
                "LogGroup": "/aws/lambda/wordflect-backend-dev2-getUserMissions"
            }
        },
        {
            "FunctionName": "wordflect-backend-dev2-getUserMissions",
            "FunctionArn": "arn:aws:lambda:us-east-2:516141816050:function:wordflect-backend-dev2-getUserMissions:17",
            "Runtime": "nodejs18.x",
            "Role": "arn:aws:iam::516141816050:role/wordflect-backend-dev2-us-east-2-lambdaRole",
            "Handler": "src/handlers/getUserMissions.handler",
            "CodeSize": 59855725,
            "Description": "",
            "Timeout": 6,
            "MemorySize": 1024,
            "LastModified": "2025-06-08T20:58:05.000+0000",
            "CodeSha256": "thlXm8QuunseI8y0otZseyr6q4LDZ06U8YfrhzGyrS4=",
            "Version": "17",
            "Environment": {
                "Variables": {
                    "JWT_SECRET": "c6ebabf7bf78c0155fd64564a956644acf63470cf965a6ac590b97d0f0ae0622",
                    "USERS_TABLE": "wordflect-backend-users-dev2",
                    "WORD_OF_THE_DAY_TABLE": "wordflect-backend-word-of-the-day-dev2",
                    "MISSIONS_TABLE": "wordflect-backend-missions-dev2",
                    "SES_FROM_EMAIL": "no-reply@wordflect.com",
                    "PASSWORD_RESET_TABLE": "wordflect-backend-password-reset-tokens-dev2"
                }
            },
            "TracingConfig": {
                "Mode": "PassThrough"
            },
            "RevisionId": "055786bf-1f74-4111-a7fb-5716df308926",
            "PackageType": "Zip",
            "Architectures": [
                "x86_64"
            ],
            "EphemeralStorage": {
                "Size": 512
            },
            "SnapStart": {
                "ApplyOn": "None",
                "OptimizationStatus": "Off"
            },
            "LoggingConfig": {
                "LogFormat": "Text",
                "LogGroup": "/aws/lambda/wordflect-backend-dev2-getUserMissions"
            }
        },
        {
            "FunctionName": "wordflect-backend-dev2-getUserMissions",
            "FunctionArn": "arn:aws:lambda:us-east-2:516141816050:function:wordflect-backend-dev2-getUserMissions:18",
            "Runtime": "nodejs18.x",
            "Role": "arn:aws:iam::516141816050:role/wordflect-backend-dev2-us-east-2-lambdaRole",
            "Handler": "src/handlers/getUserMissions.handler",
            "CodeSize": 75852596,
            "Description": "",
            "Timeout": 6,
            "MemorySize": 1024,
            "LastModified": "2025-06-10T12:31:40.000+0000",
            "CodeSha256": "sT8Q1PhJtst3HYY94urOEUpMRAUTDzcW3dk/Lt8nHFY=",
            "Version": "18",
            "Environment": {
                "Variables": {
                    "JWT_SECRET": "c6ebabf7bf78c0155fd64564a956644acf63470cf965a6ac590b97d0f0ae0622",
                    "USERS_TABLE": "wordflect-backend-users-dev2",
                    "WORD_OF_THE_DAY_TABLE": "wordflect-backend-word-of-the-day-dev2",
                    "MISSIONS_TABLE": "wordflect-backend-missions-dev2",
                    "SES_FROM_EMAIL": "no-reply@wordflect.com",
                    "PASSWORD_RESET_TABLE": "wordflect-backend-password-reset-tokens-dev2"
                }
            },
            "TracingConfig": {
                "Mode": "PassThrough"
            },
            "RevisionId": "d5c8abd1-7a38-4ffc-9b11-4abbeefbddfe",
            "PackageType": "Zip",
            "Architectures": [
                "x86_64"
            ],
            "EphemeralStorage": {
                "Size": 512
            },
            "SnapStart": {
                "ApplyOn": "None",
                "OptimizationStatus": "Off"
            },
            "LoggingConfig": {
                "LogFormat": "Text",
                "LogGroup": "/aws/lambda/wordflect-backend-dev2-getUserMissions"
            }
        },
        {
            "FunctionName": "wordflect-backend-dev2-getUserMissions",
            "FunctionArn": "arn:aws:lambda:us-east-2:516141816050:function:wordflect-backend-dev2-getUserMissions:19",
            "Runtime": "nodejs18.x",
            "Role": "arn:aws:iam::516141816050:role/wordflect-backend-dev2-us-east-2-lambdaRole",
            "Handler": "src/handlers/getUserMissions.handler",
            "CodeSize": 75853718,
            "Description": "",
            "Timeout": 6,
            "MemorySize": 1024,
            "LastModified": "2025-06-13T12:16:55.000+0000",
            "CodeSha256": "/ehYW+fhAlUhXnyoxylCKul7KyvjBrRKh/kNGyxzvGQ=",
            "Version": "19",
            "Environment": {
                "Variables": {
                    "JWT_SECRET": "c6ebabf7bf78c0155fd64564a956644acf63470cf965a6ac590b97d0f0ae0622",
                    "USERS_TABLE": "wordflect-backend-users-dev2",
                    "WORD_OF_THE_DAY_TABLE": "wordflect-backend-word-of-the-day-dev2",
                    "MISSIONS_TABLE": "wordflect-backend-missions-dev2",
                    "SES_FROM_EMAIL": "no-reply@wordflect.com",
                    "PASSWORD_RESET_TABLE": "wordflect-backend-password-reset-tokens-dev2"
                }
            },
            "TracingConfig": {
                "Mode": "PassThrough"
            },
            "RevisionId": "6087274c-a51c-4af9-a63a-19594a71ba55",
            "PackageType": "Zip",
            "Architectures": [
                "x86_64"
            ],
            "EphemeralStorage": {
                "Size": 512
            },
            "SnapStart": {
                "ApplyOn": "None",
                "OptimizationStatus": "Off"
            },
            "LoggingConfig": {
                "LogFormat": "Text",
                "LogGroup": "/aws/lambda/wordflect-backend-dev2-getUserMissions"
            }
        },
        {
            "FunctionName": "wordflect-backend-dev2-getUserMissions",
            "FunctionArn": "arn:aws:lambda:us-east-2:516141816050:function:wordflect-backend-dev2-getUserMissions:20",
            "Runtime": "nodejs18.x",
            "Role": "arn:aws:iam::516141816050:role/wordflect-backend-dev2-us-east-2-lambdaRole",
            "Handler": "src/handlers/getUserMissions.handler",
            "CodeSize": 75853617,
            "Description": "",
            "Timeout": 6,
            "MemorySize": 1024,
            "LastModified": "2025-06-13T12:45:03.000+0000",
            "CodeSha256": "gKNF5TlgaMcYg9I5RJ0MGwPwDxBQlghez+wpQlpaeHQ=",
            "Version": "20",
            "Environment": {
                "Variables": {
                    "JWT_SECRET": "c6ebabf7bf78c0155fd64564a956644acf63470cf965a6ac590b97d0f0ae0622",
                    "USERS_TABLE": "wordflect-backend-users-dev2",
                    "WORD_OF_THE_DAY_TABLE": "wordflect-backend-word-of-the-day-dev2",
                    "MISSIONS_TABLE": "wordflect-backend-missions-dev2",
                    "SES_FROM_EMAIL": "no-reply@wordflect.com",
                    "PASSWORD_RESET_TABLE": "wordflect-backend-password-reset-tokens-dev2"
                }
            },
            "TracingConfig": {
                "Mode": "PassThrough"
            },
            "RevisionId": "a4c5f884-5b22-4ce7-8365-e85bec33ef0b",
            "PackageType": "Zip",
            "Architectures": [
                "x86_64"
            ],
            "EphemeralStorage": {
                "Size": 512
            },
            "SnapStart": {
                "ApplyOn": "None",
                "OptimizationStatus": "Off"
            },
            "LoggingConfig": {
                "LogFormat": "Text",
                "LogGroup": "/aws/lambda/wordflect-backend-dev2-getUserMissions"
            }
        },
        {
            "FunctionName": "wordflect-backend-dev2-getUserMissions",
            "FunctionArn": "arn:aws:lambda:us-east-2:516141816050:function:wordflect-backend-dev2-getUserMissions:21",
            "Runtime": "nodejs18.x",
            "Role": "arn:aws:iam::516141816050:role/wordflect-backend-dev2-us-east-2-lambdaRole",
            "Handler": "src/handlers/getUserMissions.handler",
            "CodeSize": 75853608,
            "Description": "",
            "Timeout": 6,
            "MemorySize": 1024,
            "LastModified": "2025-06-13T13:00:28.000+0000",
            "CodeSha256": "CNa+C1SPVPQPi1MCfJnIwR3wJcqSCKpS4lHuzpLIs0Q=",
            "Version": "21",
            "Environment": {
                "Variables": {
                    "JWT_SECRET": "c6ebabf7bf78c0155fd64564a956644acf63470cf965a6ac590b97d0f0ae0622",
                    "USERS_TABLE": "wordflect-backend-users-dev2",
                    "WORD_OF_THE_DAY_TABLE": "wordflect-backend-word-of-the-day-dev2",
                    "MISSIONS_TABLE": "wordflect-backend-missions-dev2",
                    "SES_FROM_EMAIL": "no-reply@wordflect.com",
                    "PASSWORD_RESET_TABLE": "wordflect-backend-password-reset-tokens-dev2"
                }
            },
            "TracingConfig": {
                "Mode": "PassThrough"
            },
            "RevisionId": "ace8b190-f657-41c5-b988-a003859a2c30",
            "PackageType": "Zip",
            "Architectures": [
                "x86_64"
            ],
            "EphemeralStorage": {
                "Size": 512
            },
            "SnapStart": {
                "ApplyOn": "None",
                "OptimizationStatus": "Off"
            },
            "LoggingConfig": {
                "LogFormat": "Text",
                "LogGroup": "/aws/lambda/wordflect-backend-dev2-getUserMissions"
            }
        },
        {
            "FunctionName": "wordflect-backend-dev2-getUserMissions",
            "FunctionArn": "arn:aws:lambda:us-east-2:516141816050:function:wordflect-backend-dev2-getUserMissions:22",
            "Runtime": "nodejs18.x",
            "Role": "arn:aws:iam::516141816050:role/wordflect-backend-dev2-us-east-2-lambdaRole",
            "Handler": "src/handlers/getUserMissions.handler",
            "CodeSize": 75853581,
            "Description": "",
            "Timeout": 6,
            "MemorySize": 1024,
            "LastModified": "2025-06-13T17:10:39.000+0000",
            "CodeSha256": "FsENfKN44OkNfjH8H1l7WsEiz/yX10QuLcXMbfSx5NM=",
            "Version": "22",
            "Environment": {
                "Variables": {
                    "JWT_SECRET": "c6ebabf7bf78c0155fd64564a956644acf63470cf965a6ac590b97d0f0ae0622",
                    "USERS_TABLE": "wordflect-backend-users-dev2",
                    "WORD_OF_THE_DAY_TABLE": "wordflect-backend-word-of-the-day-dev2",
                    "MISSIONS_TABLE": "wordflect-backend-missions-dev2",
                    "SES_FROM_EMAIL": "no-reply@wordflect.com",
                    "PASSWORD_RESET_TABLE": "wordflect-backend-password-reset-tokens-dev2"
                }
            },
            "TracingConfig": {
                "Mode": "PassThrough"
            },
            "RevisionId": "ee2e1639-a948-4a35-9820-5ccdc1b178b1",
            "PackageType": "Zip",
            "Architectures": [
                "x86_64"
            ],
            "EphemeralStorage": {
                "Size": 512
            },
            "SnapStart": {
                "ApplyOn": "None",
                "OptimizationStatus": "Off"
            },
            "LoggingConfig": {
                "LogFormat": "Text",
                "LogGroup": "/aws/lambda/wordflect-backend-dev2-getUserMissions"
            }
        },
        {
            "FunctionName": "wordflect-backend-dev2-getUserMissions",
            "FunctionArn": "arn:aws:lambda:us-east-2:516141816050:function:wordflect-backend-dev2-getUserMissions:23",
            "Runtime": "nodejs18.x",
            "Role": "arn:aws:iam::516141816050:role/wordflect-backend-dev2-us-east-2-lambdaRole",
            "Handler": "src/handlers/getUserMissions.handler",
            "CodeSize": 75853637,
            "Description": "",
            "Timeout": 6,
            "MemorySize": 1024,
            "LastModified": "2025-06-13T19:47:31.000+0000",
            "CodeSha256": "C5EjIJ3y41mUMdwk0TupzaMQ6gnEnLLuTm21cJsut8M=",
            "Version": "23",
            "Environment": {
                "Variables": {
                    "JWT_SECRET": "c6ebabf7bf78c0155fd64564a956644acf63470cf965a6ac590b97d0f0ae0622",
                    "USERS_TABLE": "wordflect-backend-users-dev2",
                    "WORD_OF_THE_DAY_TABLE": "wordflect-backend-word-of-the-day-dev2",
                    "MISSIONS_TABLE": "wordflect-backend-missions-dev2",
                    "SES_FROM_EMAIL": "no-reply@wordflect.com",
                    "PASSWORD_RESET_TABLE": "wordflect-backend-password-reset-tokens-dev2"
                }
            },
            "TracingConfig": {
                "Mode": "PassThrough"
            },
            "RevisionId": "dceb2471-1918-462e-ac7b-7e839869a954",
            "PackageType": "Zip",
            "Architectures": [
                "x86_64"
            ],
            "EphemeralStorage": {
                "Size": 512
            },
            "SnapStart": {
                "ApplyOn": "None",
                "OptimizationStatus": "Off"
            },
            "LoggingConfig": {
                "LogFormat": "Text",
                "LogGroup": "/aws/lambda/wordflect-backend-dev2-getUserMissions"
            }
        },
        {
            "FunctionName": "wordflect-backend-dev2-getUserMissions",
            "FunctionArn": "arn:aws:lambda:us-east-2:516141816050:function:wordflect-backend-dev2-getUserMissions:24",
            "Runtime": "nodejs18.x",
            "Role": "arn:aws:iam::516141816050:role/wordflect-backend-dev2-us-east-2-lambdaRole",
            "Handler": "src/handlers/getUserMissions.handler",
            "CodeSize": 75853581,
            "Description": "",
            "Timeout": 6,
            "MemorySize": 1024,
            "LastModified": "2025-06-13T20:37:34.000+0000",
            "CodeSha256": "FsENfKN44OkNfjH8H1l7WsEiz/yX10QuLcXMbfSx5NM=",
            "Version": "24",
            "Environment": {
                "Variables": {
                    "JWT_SECRET": "c6ebabf7bf78c0155fd64564a956644acf63470cf965a6ac590b97d0f0ae0622",
                    "USERS_TABLE": "wordflect-backend-users-dev2",
                    "WORD_OF_THE_DAY_TABLE": "wordflect-backend-word-of-the-day-dev2",
                    "MISSIONS_TABLE": "wordflect-backend-missions-dev2",
                    "SES_FROM_EMAIL": "no-reply@wordflect.com",
                    "PASSWORD_RESET_TABLE": "wordflect-backend-password-reset-tokens-dev2"
                }
            },
            "TracingConfig": {
                "Mode": "PassThrough"
            },
            "RevisionId": "c09deb5e-453a-4e7e-9269-9787983a7bea",
            "PackageType": "Zip",
            "Architectures": [
                "x86_64"
            ],
            "EphemeralStorage": {
                "Size": 512
            },
            "SnapStart": {
                "ApplyOn": "None",
                "OptimizationStatus": "Off"
            },
            "LoggingConfig": {
                "LogFormat": "Text",
                "LogGroup": "/aws/lambda/wordflect-backend-dev2-getUserMissions"
            }
        },
        {
            "FunctionName": "wordflect-backend-dev2-getUserMissions",
            "FunctionArn": "arn:aws:lambda:us-east-2:516141816050:function:wordflect-backend-dev2-getUserMissions:25",
            "Runtime": "nodejs18.x",
            "Role": "arn:aws:iam::516141816050:role/wordflect-backend-dev2-us-east-2-lambdaRole",
            "Handler": "src/handlers/getUserMissions.handler",
            "CodeSize": 75853637,
            "Description": "",
            "Timeout": 6,
            "MemorySize": 1024,
            "LastModified": "2025-06-13T20:51:24.000+0000",
            "CodeSha256": "C5EjIJ3y41mUMdwk0TupzaMQ6gnEnLLuTm21cJsut8M=",
            "Version": "25",
            "Environment": {
                "Variables": {
                    "JWT_SECRET": "c6ebabf7bf78c0155fd64564a956644acf63470cf965a6ac590b97d0f0ae0622",
                    "USERS_TABLE": "wordflect-backend-users-dev2",
                    "WORD_OF_THE_DAY_TABLE": "wordflect-backend-word-of-the-day-dev2",
                    "MISSIONS_TABLE": "wordflect-backend-missions-dev2",
                    "SES_FROM_EMAIL": "no-reply@wordflect.com",
                    "PASSWORD_RESET_TABLE": "wordflect-backend-password-reset-tokens-dev2"
                }
            },
            "TracingConfig": {
                "Mode": "PassThrough"
            },
            "RevisionId": "1bccd8fc-cc16-4634-8d95-a508930e8dd3",
            "PackageType": "Zip",
            "Architectures": [
                "x86_64"
            ],
            "EphemeralStorage": {
                "Size": 512
            },
            "SnapStart": {
                "ApplyOn": "None",
                "OptimizationStatus": "Off"
            },
            "LoggingConfig": {
                "LogFormat": "Text",
                "LogGroup": "/aws/lambda/wordflect-backend-dev2-getUserMissions"
            }
        },
        {
            "FunctionName": "wordflect-backend-dev2-getUserMissions",
            "FunctionArn": "arn:aws:lambda:us-east-2:516141816050:function:wordflect-backend-dev2-getUserMissions:26",
            "Runtime": "nodejs18.x",
            "Role": "arn:aws:iam::516141816050:role/wordflect-backend-dev2-us-east-2-lambdaRole",
            "Handler": "src/handlers/getUserMissions.handler",
            "CodeSize": 75853581,
            "Description": "",
            "Timeout": 6,
            "MemorySize": 1024,
            "LastModified": "2025-06-13T21:15:49.000+0000",
            "CodeSha256": "FsENfKN44OkNfjH8H1l7WsEiz/yX10QuLcXMbfSx5NM=",
            "Version": "26",
            "Environment": {
                "Variables": {
                    "JWT_SECRET": "c6ebabf7bf78c0155fd64564a956644acf63470cf965a6ac590b97d0f0ae0622",
                    "USERS_TABLE": "wordflect-backend-users-dev2",
                    "WORD_OF_THE_DAY_TABLE": "wordflect-backend-word-of-the-day-dev2",
                    "MISSIONS_TABLE": "wordflect-backend-missions-dev2",
                    "SES_FROM_EMAIL": "no-reply@wordflect.com",
                    "PASSWORD_RESET_TABLE": "wordflect-backend-password-reset-tokens-dev2"
                }
            },
            "TracingConfig": {
                "Mode": "PassThrough"
            },
            "RevisionId": "f2a2f3cd-90aa-4b41-8e0d-85f2e0c2a6c4",
            "PackageType": "Zip",
            "Architectures": [
                "x86_64"
            ],
            "EphemeralStorage": {
                "Size": 512
            },
            "SnapStart": {
                "ApplyOn": "None",
                "OptimizationStatus": "Off"
            },
            "LoggingConfig": {
                "LogFormat": "Text",
                "LogGroup": "/aws/lambda/wordflect-backend-dev2-getUserMissions"
            }
        },
        {
            "FunctionName": "wordflect-backend-dev2-getUserMissions",
            "FunctionArn": "arn:aws:lambda:us-east-2:516141816050:function:wordflect-backend-dev2-getUserMissions:27",
            "Runtime": "nodejs18.x",
            "Role": "arn:aws:iam::516141816050:role/wordflect-backend-dev2-us-east-2-lambdaRole",
            "Handler": "src/handlers/getUserMissions.handler",
            "CodeSize": 75853597,
            "Description": "",
            "Timeout": 6,
            "MemorySize": 1024,
            "LastModified": "2025-06-13T22:10:52.000+0000",
            "CodeSha256": "aR1CObwoIHEfUoJiIBZ/uMYTyeaDZbst9VAACimWoXs=",
            "Version": "27",
            "Environment": {
                "Variables": {
                    "JWT_SECRET": "c6ebabf7bf78c0155fd64564a956644acf63470cf965a6ac590b97d0f0ae0622",
                    "USERS_TABLE": "wordflect-backend-users-dev2",
                    "WORD_OF_THE_DAY_TABLE": "wordflect-backend-word-of-the-day-dev2",
                    "MISSIONS_TABLE": "wordflect-backend-missions-dev2",
                    "SES_FROM_EMAIL": "no-reply@wordflect.com",
                    "PASSWORD_RESET_TABLE": "wordflect-backend-password-reset-tokens-dev2"
                }
            },
            "TracingConfig": {
                "Mode": "PassThrough"
            },
            "RevisionId": "7d650fec-b72f-49f5-b416-c8eb0b20e1bd",
            "PackageType": "Zip",
            "Architectures": [
                "x86_64"
            ],
            "EphemeralStorage": {
                "Size": 512
            },
            "SnapStart": {
                "ApplyOn": "None",
                "OptimizationStatus": "Off"
            },
            "LoggingConfig": {
                "LogFormat": "Text",
                "LogGroup": "/aws/lambda/wordflect-backend-dev2-getUserMissions"
            }
        },
        {
            "FunctionName": "wordflect-backend-dev2-getUserMissions",
            "FunctionArn": "arn:aws:lambda:us-east-2:516141816050:function:wordflect-backend-dev2-getUserMissions:28",
            "Runtime": "nodejs18.x",
            "Role": "arn:aws:iam::516141816050:role/wordflect-backend-dev2-us-east-2-lambdaRole",
            "Handler": "src/handlers/getUserMissions.handler",
            "CodeSize": 75853571,
            "Description": "",
            "Timeout": 6,
            "MemorySize": 1024,
            "LastModified": "2025-06-15T12:17:55.000+0000",
            "CodeSha256": "VZNomlAsUMx4dhengcvxVOQxrh0ClaR3dXKVi2g4D5w=",
            "Version": "28",
            "Environment": {
                "Variables": {
                    "JWT_SECRET": "c6ebabf7bf78c0155fd64564a956644acf63470cf965a6ac590b97d0f0ae0622",
                    "USERS_TABLE": "wordflect-backend-users-dev2",
                    "WORD_OF_THE_DAY_TABLE": "wordflect-backend-word-of-the-day-dev2",
                    "MISSIONS_TABLE": "wordflect-backend-missions-dev2",
                    "SES_FROM_EMAIL": "no-reply@wordflect.com",
                    "PASSWORD_RESET_TABLE": "wordflect-backend-password-reset-tokens-dev2"
                }
            },
            "TracingConfig": {
                "Mode": "PassThrough"
            },
            "RevisionId": "bbba7c00-ee1a-40e8-8544-6009ee326c64",
            "PackageType": "Zip",
            "Architectures": [
                "x86_64"
            ],
            "EphemeralStorage": {
                "Size": 512
            },
            "SnapStart": {
                "ApplyOn": "None",
                "OptimizationStatus": "Off"
            },
            "LoggingConfig": {
                "LogFormat": "Text",
                "LogGroup": "/aws/lambda/wordflect-backend-dev2-getUserMissions"
            }
        },
        {
            "FunctionName": "wordflect-backend-dev2-getUserMissions",
            "FunctionArn": "arn:aws:lambda:us-east-2:516141816050:function:wordflect-backend-dev2-getUserMissions:29",
            "Runtime": "nodejs18.x",
            "Role": "arn:aws:iam::516141816050:role/wordflect-backend-dev2-us-east-2-lambdaRole",
            "Handler": "src/handlers/getUserMissions.handler",
            "CodeSize": 75853659,
            "Description": "",
            "Timeout": 6,
            "MemorySize": 1024,
            "LastModified": "2025-06-15T12:32:59.000+0000",
            "CodeSha256": "gg6SKQEd1qVNAZRW0SjF0Wb3ykxRS7MupF0sO2rf5/E=",
            "Version": "29",
            "Environment": {
                "Variables": {
                    "JWT_SECRET": "c6ebabf7bf78c0155fd64564a956644acf63470cf965a6ac590b97d0f0ae0622",
                    "USERS_TABLE": "wordflect-backend-users-dev2",
                    "WORD_OF_THE_DAY_TABLE": "wordflect-backend-word-of-the-day-dev2",
                    "MISSIONS_TABLE": "wordflect-backend-missions-dev2",
                    "SES_FROM_EMAIL": "no-reply@wordflect.com",
                    "PASSWORD_RESET_TABLE": "wordflect-backend-password-reset-tokens-dev2"
                }
            },
            "TracingConfig": {
                "Mode": "PassThrough"
            },
            "RevisionId": "812f50e0-fd63-4d9b-a1c0-7fbe5638c834",
            "PackageType": "Zip",
            "Architectures": [
                "x86_64"
            ],
            "EphemeralStorage": {
                "Size": 512
            },
            "SnapStart": {
                "ApplyOn": "None",
                "OptimizationStatus": "Off"
            },
            "LoggingConfig": {
                "LogFormat": "Text",
                "LogGroup": "/aws/lambda/wordflect-backend-dev2-getUserMissions"
            }
        },
        {
            "FunctionName": "wordflect-backend-dev2-getUserMissions",
            "FunctionArn": "arn:aws:lambda:us-east-2:516141816050:function:wordflect-backend-dev2-getUserMissions:30",
            "Runtime": "nodejs18.x",
            "Role": "arn:aws:iam::516141816050:role/wordflect-backend-dev2-us-east-2-lambdaRole",
            "Handler": "src/handlers/getUserMissions.handler",
            "CodeSize": 75853655,
            "Description": "",
            "Timeout": 6,
            "MemorySize": 1024,
            "LastModified": "2025-06-15T13:06:50.000+0000",
            "CodeSha256": "fhRjFiDBta4fvWxhZhO/TtBMDURDVDZM8/ubtq6983g=",
            "Version": "30",
            "Environment": {
                "Variables": {
                    "JWT_SECRET": "c6ebabf7bf78c0155fd64564a956644acf63470cf965a6ac590b97d0f0ae0622",
                    "USERS_TABLE": "wordflect-backend-users-dev2",
                    "WORD_OF_THE_DAY_TABLE": "wordflect-backend-word-of-the-day-dev2",
                    "MISSIONS_TABLE": "wordflect-backend-missions-dev2",
                    "SES_FROM_EMAIL": "no-reply@wordflect.com",
                    "PASSWORD_RESET_TABLE": "wordflect-backend-password-reset-tokens-dev2"
                }
            },
            "TracingConfig": {
                "Mode": "PassThrough"
            },
            "RevisionId": "9a3d04d1-3f18-4afb-8dd4-36e603cc50f5",
            "PackageType": "Zip",
            "Architectures": [
                "x86_64"
            ],
            "EphemeralStorage": {
                "Size": 512
            },
            "SnapStart": {
                "ApplyOn": "None",
                "OptimizationStatus": "Off"
            },
            "LoggingConfig": {
                "LogFormat": "Text",
                "LogGroup": "/aws/lambda/wordflect-backend-dev2-getUserMissions"
            }
        },
        {
            "FunctionName": "wordflect-backend-dev2-getUserMissions",
            "FunctionArn": "arn:aws:lambda:us-east-2:516141816050:function:wordflect-backend-dev2-getUserMissions:31",
            "Runtime": "nodejs18.x",
            "Role": "arn:aws:iam::516141816050:role/wordflect-backend-dev2-us-east-2-lambdaRole",
            "Handler": "src/handlers/getUserMissions.handler",
            "CodeSize": 75853721,
            "Description": "",
            "Timeout": 6,
            "MemorySize": 1024,
            "LastModified": "2025-06-15T13:20:31.000+0000",
            "CodeSha256": "N5t37H5kkChCToLicWs94zNisaNwHrd7gPJxHInqbBc=",
            "Version": "31",
            "Environment": {
                "Variables": {
                    "JWT_SECRET": "c6ebabf7bf78c0155fd64564a956644acf63470cf965a6ac590b97d0f0ae0622",
                    "USERS_TABLE": "wordflect-backend-users-dev2",
                    "WORD_OF_THE_DAY_TABLE": "wordflect-backend-word-of-the-day-dev2",
                    "MISSIONS_TABLE": "wordflect-backend-missions-dev2",
                    "SES_FROM_EMAIL": "no-reply@wordflect.com",
                    "PASSWORD_RESET_TABLE": "wordflect-backend-password-reset-tokens-dev2"
                }
            },
            "TracingConfig": {
                "Mode": "PassThrough"
            },
            "RevisionId": "b7d7f4a1-314b-4610-8ed8-f8adf161ea5e",
            "PackageType": "Zip",
            "Architectures": [
                "x86_64"
            ],
            "EphemeralStorage": {
                "Size": 512
            },
            "SnapStart": {
                "ApplyOn": "None",
                "OptimizationStatus": "Off"
            },
            "LoggingConfig": {
                "LogFormat": "Text",
                "LogGroup": "/aws/lambda/wordflect-backend-dev2-getUserMissions"
            }
        },
        {
            "FunctionName": "wordflect-backend-dev2-getUserMissions",
            "FunctionArn": "arn:aws:lambda:us-east-2:516141816050:function:wordflect-backend-dev2-getUserMissions:32",
            "Runtime": "nodejs18.x",
            "Role": "arn:aws:iam::516141816050:role/wordflect-backend-dev2-us-east-2-lambdaRole",
            "Handler": "src/handlers/getUserMissions.handler",
            "CodeSize": 75853767,
            "Description": "",
            "Timeout": 6,
            "MemorySize": 1024,
            "LastModified": "2025-06-15T13:47:06.000+0000",
            "CodeSha256": "For2f4QTYpcbxtYwjOq5LGUxqqpoNytCFI/0OyMvlV4=",
            "Version": "32",
            "Environment": {
                "Variables": {
                    "JWT_SECRET": "c6ebabf7bf78c0155fd64564a956644acf63470cf965a6ac590b97d0f0ae0622",
                    "USERS_TABLE": "wordflect-backend-users-dev2",
                    "WORD_OF_THE_DAY_TABLE": "wordflect-backend-word-of-the-day-dev2",
                    "MISSIONS_TABLE": "wordflect-backend-missions-dev2",
                    "SES_FROM_EMAIL": "no-reply@wordflect.com",
                    "PASSWORD_RESET_TABLE": "wordflect-backend-password-reset-tokens-dev2"
                }
            },
            "TracingConfig": {
                "Mode": "PassThrough"
            },
            "RevisionId": "712a79fb-8e30-4cb2-80c3-0709382b387d",
            "PackageType": "Zip",
            "Architectures": [
                "x86_64"
            ],
            "EphemeralStorage": {
                "Size": 512
            },
            "SnapStart": {
                "ApplyOn": "None",
                "OptimizationStatus": "Off"
            },
            "LoggingConfig": {
                "LogFormat": "Text",
                "LogGroup": "/aws/lambda/wordflect-backend-dev2-getUserMissions"
            }
        },
        {
            "FunctionName": "wordflect-backend-dev2-getUserMissions",
            "FunctionArn": "arn:aws:lambda:us-east-2:516141816050:function:wordflect-backend-dev2-getUserMissions:33",
            "Runtime": "nodejs18.x",
            "Role": "arn:aws:iam::516141816050:role/wordflect-backend-dev2-us-east-2-lambdaRole",
            "Handler": "src/handlers/getUserMissions.handler",
            "CodeSize": 75853773,
            "Description": "",
            "Timeout": 6,
            "MemorySize": 1024,
            "LastModified": "2025-06-15T13:59:42.000+0000",
            "CodeSha256": "oIQfC3Msx38x4YEe+gXl8BmVLqOyl9dlO0uAX/yZWKE=",
            "Version": "33",
            "Environment": {
                "Variables": {
                    "JWT_SECRET": "c6ebabf7bf78c0155fd64564a956644acf63470cf965a6ac590b97d0f0ae0622",
                    "USERS_TABLE": "wordflect-backend-users-dev2",
                    "WORD_OF_THE_DAY_TABLE": "wordflect-backend-word-of-the-day-dev2",
                    "MISSIONS_TABLE": "wordflect-backend-missions-dev2",
                    "SES_FROM_EMAIL": "no-reply@wordflect.com",
                    "PASSWORD_RESET_TABLE": "wordflect-backend-password-reset-tokens-dev2"
                }
            },
            "TracingConfig": {
                "Mode": "PassThrough"
            },
            "RevisionId": "4d9f8178-8354-4ccc-a9f8-df393bc57495",
            "PackageType": "Zip",
            "Architectures": [
                "x86_64"
            ],
            "EphemeralStorage": {
                "Size": 512
            },
            "SnapStart": {
                "ApplyOn": "None",
                "OptimizationStatus": "Off"
            },
            "LoggingConfig": {
                "LogFormat": "Text",
                "LogGroup": "/aws/lambda/wordflect-backend-dev2-getUserMissions"
            }
        },
        {
            "FunctionName": "wordflect-backend-dev2-getUserMissions",
            "FunctionArn": "arn:aws:lambda:us-east-2:516141816050:function:wordflect-backend-dev2-getUserMissions:34",
            "Runtime": "nodejs18.x",
            "Role": "arn:aws:iam::516141816050:role/wordflect-backend-dev2-us-east-2-lambdaRole",
            "Handler": "src/handlers/getUserMissions.handler",
            "CodeSize": 75853748,
            "Description": "",
            "Timeout": 6,
            "MemorySize": 1024,
            "LastModified": "2025-06-15T14:58:30.000+0000",
            "CodeSha256": "oU/SiyrT9V3Y1s4fzbEKfnmm9YXoTYx1tiJecgQNinw=",
            "Version": "34",
            "Environment": {
                "Variables": {
                    "JWT_SECRET": "c6ebabf7bf78c0155fd64564a956644acf63470cf965a6ac590b97d0f0ae0622",
                    "USERS_TABLE": "wordflect-backend-users-dev2",
                    "WORD_OF_THE_DAY_TABLE": "wordflect-backend-word-of-the-day-dev2",
                    "MISSIONS_TABLE": "wordflect-backend-missions-dev2",
                    "SES_FROM_EMAIL": "no-reply@wordflect.com",
                    "PASSWORD_RESET_TABLE": "wordflect-backend-password-reset-tokens-dev2"
                }
            },
            "TracingConfig": {
                "Mode": "PassThrough"
            },
            "RevisionId": "ea013fc6-19d3-4313-8193-788a24323a51",
            "PackageType": "Zip",
            "Architectures": [
                "x86_64"
            ],
            "EphemeralStorage": {
                "Size": 512
            },
            "SnapStart": {
                "ApplyOn": "None",
                "OptimizationStatus": "Off"
            },
            "LoggingConfig": {
                "LogFormat": "Text",
                "LogGroup": "/aws/lambda/wordflect-backend-dev2-getUserMissions"
            }
        },
        {
            "FunctionName": "wordflect-backend-dev2-getUserMissions",
            "FunctionArn": "arn:aws:lambda:us-east-2:516141816050:function:wordflect-backend-dev2-getUserMissions:35",
            "Runtime": "nodejs18.x",
            "Role": "arn:aws:iam::516141816050:role/wordflect-backend-dev2-us-east-2-lambdaRole",
            "Handler": "src/handlers/getUserMissions.handler",
            "CodeSize": 75853793,
            "Description": "",
            "Timeout": 6,
            "MemorySize": 1024,
            "LastModified": "2025-06-15T15:14:58.000+0000",
            "CodeSha256": "YnaXCvcsCB5BfnSRFQt2F2nld3vGXNtH+pF4UVeP2Ik=",
            "Version": "35",
            "Environment": {
                "Variables": {
                    "JWT_SECRET": "c6ebabf7bf78c0155fd64564a956644acf63470cf965a6ac590b97d0f0ae0622",
                    "USERS_TABLE": "wordflect-backend-users-dev2",
                    "WORD_OF_THE_DAY_TABLE": "wordflect-backend-word-of-the-day-dev2",
                    "MISSIONS_TABLE": "wordflect-backend-missions-dev2",
                    "SES_FROM_EMAIL": "no-reply@wordflect.com",
                    "PASSWORD_RESET_TABLE": "wordflect-backend-password-reset-tokens-dev2"
                }
            },
            "TracingConfig": {
                "Mode": "PassThrough"
            },
            "RevisionId": "8ea7d1d6-33c3-43c2-8675-d5e2f83ef26a",
            "PackageType": "Zip",
            "Architectures": [
                "x86_64"
            ],
            "EphemeralStorage": {
                "Size": 512
            },
            "SnapStart": {
                "ApplyOn": "None",
                "OptimizationStatus": "Off"
            },
            "LoggingConfig": {
                "LogFormat": "Text",
                "LogGroup": "/aws/lambda/wordflect-backend-dev2-getUserMissions"
            }
        },
        {
            "FunctionName": "wordflect-backend-dev2-getUserMissions",
            "FunctionArn": "arn:aws:lambda:us-east-2:516141816050:function:wordflect-backend-dev2-getUserMissions:36",
            "Runtime": "nodejs18.x",
            "Role": "arn:aws:iam::516141816050:role/wordflect-backend-dev2-us-east-2-lambdaRole",
            "Handler": "src/handlers/getUserMissions.handler",
            "CodeSize": 75853800,
            "Description": "",
            "Timeout": 6,
            "MemorySize": 1024,
            "LastModified": "2025-06-15T15:33:13.000+0000",
            "CodeSha256": "Pb4pwa4AC0+zeYFKizBG3DaWSNaR5BuJT0rzo41J6O4=",
            "Version": "36",
            "Environment": {
                "Variables": {
                    "JWT_SECRET": "c6ebabf7bf78c0155fd64564a956644acf63470cf965a6ac590b97d0f0ae0622",
                    "USERS_TABLE": "wordflect-backend-users-dev2",
                    "WORD_OF_THE_DAY_TABLE": "wordflect-backend-word-of-the-day-dev2",
                    "MISSIONS_TABLE": "wordflect-backend-missions-dev2",
                    "SES_FROM_EMAIL": "no-reply@wordflect.com",
                    "PASSWORD_RESET_TABLE": "wordflect-backend-password-reset-tokens-dev2"
                }
            },
            "TracingConfig": {
                "Mode": "PassThrough"
            },
            "RevisionId": "336a2a27-c0c3-449b-ae47-427cb7822d27",
            "PackageType": "Zip",
            "Architectures": [
                "x86_64"
            ],
            "EphemeralStorage": {
                "Size": 512
            },
            "SnapStart": {
                "ApplyOn": "None",
                "OptimizationStatus": "Off"
            },
            "LoggingConfig": {
                "LogFormat": "Text",
                "LogGroup": "/aws/lambda/wordflect-backend-dev2-getUserMissions"
            }
        },
        {
            "FunctionName": "wordflect-backend-dev2-getUserMissions",
            "FunctionArn": "arn:aws:lambda:us-east-2:516141816050:function:wordflect-backend-dev2-getUserMissions:37",
            "Runtime": "nodejs18.x",
            "Role": "arn:aws:iam::516141816050:role/wordflect-backend-dev2-us-east-2-lambdaRole",
            "Handler": "src/handlers/getUserMissions.handler",
            "CodeSize": 75853819,
            "Description": "",
            "Timeout": 6,
            "MemorySize": 1024,
            "LastModified": "2025-06-15T16:06:06.000+0000",
            "CodeSha256": "qY5fICjNQCcahef6WclpASE9Dprju/64+N9sxBNRirQ=",
            "Version": "37",
            "Environment": {
                "Variables": {
                    "JWT_SECRET": "c6ebabf7bf78c0155fd64564a956644acf63470cf965a6ac590b97d0f0ae0622",
                    "USERS_TABLE": "wordflect-backend-users-dev2",
                    "WORD_OF_THE_DAY_TABLE": "wordflect-backend-word-of-the-day-dev2",
                    "MISSIONS_TABLE": "wordflect-backend-missions-dev2",
                    "SES_FROM_EMAIL": "no-reply@wordflect.com",
                    "PASSWORD_RESET_TABLE": "wordflect-backend-password-reset-tokens-dev2"
                }
            },
            "TracingConfig": {
                "Mode": "PassThrough"
            },
            "RevisionId": "2e2c83ea-997f-40d2-9ef8-1a4972dd67d4",
            "PackageType": "Zip",
            "Architectures": [
                "x86_64"
            ],
            "EphemeralStorage": {
                "Size": 512
            },
            "SnapStart": {
                "ApplyOn": "None",
                "OptimizationStatus": "Off"
            },
            "LoggingConfig": {
                "LogFormat": "Text",
                "LogGroup": "/aws/lambda/wordflect-backend-dev2-getUserMissions"
            }
        },
        {
            "FunctionName": "wordflect-backend-dev2-getUserMissions",
            "FunctionArn": "arn:aws:lambda:us-east-2:516141816050:function:wordflect-backend-dev2-getUserMissions:38",
            "Runtime": "nodejs18.x",
            "Role": "arn:aws:iam::516141816050:role/wordflect-backend-dev2-us-east-2-lambdaRole",
            "Handler": "src/handlers/getUserMissions.handler",
            "CodeSize": 75853561,
            "Description": "",
            "Timeout": 6,
            "MemorySize": 1024,
            "LastModified": "2025-06-15T17:06:24.000+0000",
            "CodeSha256": "il4t2sfNM17t/4mrvmH1DSEa8E2VRUyzfbjH2/qoRUg=",
            "Version": "38",
            "Environment": {
                "Variables": {
                    "JWT_SECRET": "c6ebabf7bf78c0155fd64564a956644acf63470cf965a6ac590b97d0f0ae0622",
                    "USERS_TABLE": "wordflect-backend-users-dev2",
                    "WORD_OF_THE_DAY_TABLE": "wordflect-backend-word-of-the-day-dev2",
                    "MISSIONS_TABLE": "wordflect-backend-missions-dev2",
                    "SES_FROM_EMAIL": "no-reply@wordflect.com",
                    "PASSWORD_RESET_TABLE": "wordflect-backend-password-reset-tokens-dev2"
                }
            },
            "TracingConfig": {
                "Mode": "PassThrough"
            },
            "RevisionId": "fea4d1a0-7c1b-466f-a2b8-9e182d8fcf9e",
            "PackageType": "Zip",
            "Architectures": [
                "x86_64"
            ],
            "EphemeralStorage": {
                "Size": 512
            },
            "SnapStart": {
                "ApplyOn": "None",
                "OptimizationStatus": "Off"
            },
            "LoggingConfig": {
                "LogFormat": "Text",
                "LogGroup": "/aws/lambda/wordflect-backend-dev2-getUserMissions"
            }
        },
        {
            "FunctionName": "wordflect-backend-dev2-getUserMissions",
            "FunctionArn": "arn:aws:lambda:us-east-2:516141816050:function:wordflect-backend-dev2-getUserMissions:39",
            "Runtime": "nodejs18.x",
            "Role": "arn:aws:iam::516141816050:role/wordflect-backend-dev2-us-east-2-lambdaRole",
            "Handler": "src/handlers/getUserMissions.handler",
            "CodeSize": 75853545,
            "Description": "",
            "Timeout": 6,
            "MemorySize": 1024,
            "LastModified": "2025-06-15T17:19:37.000+0000",
            "CodeSha256": "cduQlLElixumj/lNLFQy8x0gsx+6sJrqopzf4cfbCGA=",
            "Version": "39",
            "Environment": {
                "Variables": {
                    "JWT_SECRET": "c6ebabf7bf78c0155fd64564a956644acf63470cf965a6ac590b97d0f0ae0622",
                    "USERS_TABLE": "wordflect-backend-users-dev2",
                    "WORD_OF_THE_DAY_TABLE": "wordflect-backend-word-of-the-day-dev2",
                    "MISSIONS_TABLE": "wordflect-backend-missions-dev2",
                    "SES_FROM_EMAIL": "no-reply@wordflect.com",
                    "PASSWORD_RESET_TABLE": "wordflect-backend-password-reset-tokens-dev2"
                }
            },
            "TracingConfig": {
                "Mode": "PassThrough"
            },
            "RevisionId": "2ad29e3b-fcf9-43a8-bacc-b24cea8ddb3c",
            "PackageType": "Zip",
            "Architectures": [
                "x86_64"
            ],
            "EphemeralStorage": {
                "Size": 512
            },
            "SnapStart": {
                "ApplyOn": "None",
                "OptimizationStatus": "Off"
            },
            "LoggingConfig": {
                "LogFormat": "Text",
                "LogGroup": "/aws/lambda/wordflect-backend-dev2-getUserMissions"
            }
        },
        {
            "FunctionName": "wordflect-backend-dev2-getUserMissions",
            "FunctionArn": "arn:aws:lambda:us-east-2:516141816050:function:wordflect-backend-dev2-getUserMissions:40",
            "Runtime": "nodejs18.x",
            "Role": "arn:aws:iam::516141816050:role/wordflect-backend-dev2-us-east-2-lambdaRole",
            "Handler": "src/handlers/getUserMissions.handler",
            "CodeSize": 75853326,
            "Description": "",
            "Timeout": 6,
            "MemorySize": 1024,
            "LastModified": "2025-06-15T17:43:08.000+0000",
            "CodeSha256": "izWUbbVXXUXa7qtiscs3tFG0l1jmkJYmNBDCLWH+ZBI=",
            "Version": "40",
            "Environment": {
                "Variables": {
                    "JWT_SECRET": "c6ebabf7bf78c0155fd64564a956644acf63470cf965a6ac590b97d0f0ae0622",
                    "USERS_TABLE": "wordflect-backend-users-dev2",
                    "WORD_OF_THE_DAY_TABLE": "wordflect-backend-word-of-the-day-dev2",
                    "MISSIONS_TABLE": "wordflect-backend-missions-dev2",
                    "SES_FROM_EMAIL": "no-reply@wordflect.com",
                    "PASSWORD_RESET_TABLE": "wordflect-backend-password-reset-tokens-dev2"
                }
            },
            "TracingConfig": {
                "Mode": "PassThrough"
            },
            "RevisionId": "f6e42ffc-6850-4bc3-a8e4-4c55092e1c3d",
            "PackageType": "Zip",
            "Architectures": [
                "x86_64"
            ],
            "EphemeralStorage": {
                "Size": 512
            },
            "SnapStart": {
                "ApplyOn": "None",
                "OptimizationStatus": "Off"
            },
            "LoggingConfig": {
                "LogFormat": "Text",
                "LogGroup": "/aws/lambda/wordflect-backend-dev2-getUserMissions"
            }
        },
        {
            "FunctionName": "wordflect-backend-dev2-getUserMissions",
            "FunctionArn": "arn:aws:lambda:us-east-2:516141816050:function:wordflect-backend-dev2-getUserMissions:41",
            "Runtime": "nodejs18.x",
            "Role": "arn:aws:iam::516141816050:role/wordflect-backend-dev2-us-east-2-lambdaRole",
            "Handler": "src/handlers/getUserMissions.handler",
            "CodeSize": 75853569,
            "Description": "",
            "Timeout": 6,
            "MemorySize": 1024,
            "LastModified": "2025-06-16T23:35:53.000+0000",
            "CodeSha256": "iZXJ2Vl/Q3oSVo9EGNgx6xX9THJgjc3HBwjunPWmsBo=",
            "Version": "41",
            "Environment": {
                "Variables": {
                    "JWT_SECRET": "c6ebabf7bf78c0155fd64564a956644acf63470cf965a6ac590b97d0f0ae0622",
                    "USERS_TABLE": "wordflect-backend-users-dev2",
                    "WORD_OF_THE_DAY_TABLE": "wordflect-backend-word-of-the-day-dev2",
                    "MISSIONS_TABLE": "wordflect-backend-missions-dev2",
                    "SES_FROM_EMAIL": "no-reply@wordflect.com",
                    "PASSWORD_RESET_TABLE": "wordflect-backend-password-reset-tokens-dev2"
                }
            },
            "TracingConfig": {
                "Mode": "PassThrough"
            },
            "RevisionId": "59308da0-2b81-4adf-86e8-49f3edd5140b",
            "PackageType": "Zip",
            "Architectures": [
                "x86_64"
            ],
            "EphemeralStorage": {
                "Size": 512
            },
            "SnapStart": {
                "ApplyOn": "None",
                "OptimizationStatus": "Off"
            },
            "LoggingConfig": {
                "LogFormat": "Text",
                "LogGroup": "/aws/lambda/wordflect-backend-dev2-getUserMissions"
            }
        },
        {
            "FunctionName": "wordflect-backend-dev2-getUserMissions",
            "FunctionArn": "arn:aws:lambda:us-east-2:516141816050:function:wordflect-backend-dev2-getUserMissions:42",
            "Runtime": "nodejs18.x",
            "Role": "arn:aws:iam::516141816050:role/wordflect-backend-dev2-us-east-2-lambdaRole",
            "Handler": "src/handlers/getUserMissions.handler",
            "CodeSize": 75853619,
            "Description": "",
            "Timeout": 6,
            "MemorySize": 1024,
            "LastModified": "2025-06-16T23:53:06.000+0000",
            "CodeSha256": "Qw/QiG1v7UesMGaiBg8uh4BNcW2tjdL5KqT5QdULUOs=",
            "Version": "42",
            "Environment": {
                "Variables": {
                    "JWT_SECRET": "c6ebabf7bf78c0155fd64564a956644acf63470cf965a6ac590b97d0f0ae0622",
                    "USERS_TABLE": "wordflect-backend-users-dev2",
                    "WORD_OF_THE_DAY_TABLE": "wordflect-backend-word-of-the-day-dev2",
                    "MISSIONS_TABLE": "wordflect-backend-missions-dev2",
                    "SES_FROM_EMAIL": "no-reply@wordflect.com",
                    "PASSWORD_RESET_TABLE": "wordflect-backend-password-reset-tokens-dev2"
                }
            },
            "TracingConfig": {
                "Mode": "PassThrough"
            },
            "RevisionId": "f05a5507-5faa-44e0-bc7b-30cad9c20869",
            "PackageType": "Zip",
            "Architectures": [
                "x86_64"
            ],
            "EphemeralStorage": {
                "Size": 512
            },
            "SnapStart": {
                "ApplyOn": "None",
                "OptimizationStatus": "Off"
            },
            "LoggingConfig": {
                "LogFormat": "Text",
                "LogGroup": "/aws/lambda/wordflect-backend-dev2-getUserMissions"
            }
        }
    ]
}
