{
    "items": [
        {
            "id": "02slvu",
            "parentId": "finzyrjbje",
            "pathPart": "frames",
            "path": "/frames",
            "resourceMethods": {
                "GET": {},
                "OPTIONS": {}
            }
        },
        {
            "id": "0hghf3",
            "parentId": "finzyrjbje",
            "pathPart": "request-password-reset",
            "path": "/request-password-reset",
            "resourceMethods": {
                "OPTIONS": {},
                "POST": {}
            }
        },
        {
            "id": "2cpup0",
            "parentId": "rdok8n",
            "pathPart": "respond",
            "path": "/battles/invitations/{invitationId}/respond",
            "resourceMethods": {
                "OPTIONS": {},
                "POST": {}
            }
        },
        {
            "id": "4ddrzx",
            "parentId": "finzyrjbje",
            "pathPart": "reset-password",
            "path": "/reset-password",
            "resourceMethods": {
                "OPTIONS": {},
                "POST": {}
            }
        },
        {
            "id": "4mml4s",
            "parentId": "ux6bj9",
            "pathPart": "invitations",
            "path": "/battles/invitations",
            "resourceMethods": {
                "GET": {},
                "OPTIONS": {}
            }
        },
        {
            "id": "5le4e3",
            "parentId": "ux6bj9",
            "pathPart": "invite",
            "path": "/battles/invite",
            "resourceMethods": {
                "OPTIONS": {},
                "POST": {}
            }
        },
        {
            "id": "6gzy5e",
            "parentId": "hwcutg",
            "pathPart": "select-frame",
            "path": "/user/select-frame",
            "resourceMethods": {
                "OPTIONS": {},
                "POST": {}
            }
        },
        {
            "id": "6mhavs",
            "parentId": "hwcutg",
            "pathPart": "profile-image-upload-url",
            "path": "/user/profile-image-upload-url",
            "resourceMethods": {
                "OPTIONS": {},
                "POST": {}
            }
        },
        {
            "id": "6yei13",
            "parentId": "ux6bj9",
            "pathPart": "submit-score",
            "path": "/battles/submit-score",
            "resourceMethods": {
                "OPTIONS": {},
                "POST": {}
            }
        },
        {
            "id": "9d02ut",
            "parentId": "p2jpdc",
            "pathPart": "definition",
            "path": "/word/definition",
            "resourceMethods": {
                "GET": {},
                "OPTIONS": {}
            }
        },
        {
            "id": "aif48y",
            "parentId": "finzyrjbje",
            "pathPart": "set-word-of-the-day",
            "path": "/set-word-of-the-day",
            "resourceMethods": {
                "OPTIONS": {},
                "POST": {}
            }
        },
        {
            "id": "bth8tf",
            "parentId": "hwcutg",
            "pathPart": "profile",
            "path": "/user/profile",
            "resourceMethods": {
                "GET": {},
                "OPTIONS": {}
            }
        },
        {
            "id": "eh436q",
            "parentId": "ivch1d",
            "pathPart": "rewards",
            "path": "/user/missions/rewards",
            "resourceMethods": {
                "OPTIONS": {},
                "POST": {}
            }
        },
        {
            "id": "f9665n",
            "parentId": "hwcutg",
            "pathPart": "update-stats",
            "path": "/user/update-stats",
            "resourceMethods": {
                "OPTIONS": {},
                "POST": {}
            }
        },
        {
            "id": "finzyrjbje",
            "path": "/"
        },
        {
            "id": "g328qd",
            "parentId": "hwcutg",
            "pathPart": "login-event",
            "path": "/user/login-event",
            "resourceMethods": {
                "OPTIONS": {},
                "POST": {}
            }
        },
        {
            "id": "ga5ko4",
            "parentId": "finzyrjbje",
            "pathPart": "leaderboard",
            "path": "/leaderboard",
            "resourceMethods": {
                "GET": {},
                "OPTIONS": {}
            }
        },
        {
            "id": "hwcutg",
            "parentId": "finzyrjbje",
            "pathPart": "user",
            "path": "/user"
        },
        {
            "id": "ivch1d",
            "parentId": "hwcutg",
            "pathPart": "missions",
            "path": "/user/missions",
            "resourceMethods": {
                "GET": {},
                "OPTIONS": {}
            }
        },
        {
            "id": "j08j7g",
            "parentId": "hwcutg",
            "pathPart": "complete-mission",
            "path": "/user/complete-mission",
            "resourceMethods": {
                "OPTIONS": {},
                "POST": {}
            }
        },
        {
            "id": "jkalj2",
            "parentId": "finzyrjbje",
            "pathPart": "users",
            "path": "/users"
        },
        {
            "id": "kpg4w8",
            "parentId": "finzyrjbje",
            "pathPart": "word-of-the-day",
            "path": "/word-of-the-day",
            "resourceMethods": {
                "GET": {},
                "OPTIONS": {}
            }
        },
        {
            "id": "nidrlf",
            "parentId": "jkalj2",
            "pathPart": "search",
            "path": "/users/search",
            "resourceMethods": {
                "GET": {},
                "OPTIONS": {}
            }
        },
        {
            "id": "o8dfpp",
            "parentId": "hwcutg",
            "pathPart": "profile-image",
            "path": "/user/profile-image",
            "resourceMethods": {
                "OPTIONS": {},
                "POST": {}
            }
        },
        {
            "id": "p232j6",
            "parentId": "finzyrjbje",
            "pathPart": "test",
            "path": "/test",
            "resourceMethods": {
                "GET": {},
                "OPTIONS": {}
            }
        },
        {
            "id": "p2jpdc",
            "parentId": "finzyrjbje",
            "pathPart": "word",
            "path": "/word"
        },
        {
            "id": "p37gxq",
            "parentId": "ux6bj9",
            "pathPart": "complete",
            "path": "/battles/complete",
            "resourceMethods": {
                "OPTIONS": {},
                "POST": {}
            }
        },
        {
            "id": "rdok8n",
            "parentId": "4mml4s",
            "pathPart": "{invitationId}",
            "path": "/battles/invitations/{invitationId}"
        },
        {
            "id": "rt9yf7",
            "parentId": "hwcutg",
            "pathPart": "verify-purchase",
            "path": "/user/verify-purchase",
            "resourceMethods": {
                "POST": {}
            }
        },
        {
            "id": "sm5df4",
            "parentId": "ux6bj9",
            "pathPart": "active",
            "path": "/battles/active",
            "resourceMethods": {
                "GET": {},
                "OPTIONS": {}
            }
        },
        {
            "id": "ssgvpd",
            "parentId": "finzyrjbje",
            "pathPart": "signin",
            "path": "/signin",
            "resourceMethods": {
                "OPTIONS": {},
                "POST": {}
            }
        },
        {
            "id": "ts4t7n",
            "parentId": "finzyrjbje",
            "pathPart": "check-email",
            "path": "/check-email",
            "resourceMethods": {
                "OPTIONS": {},
                "POST": {}
            }
        },
        {
            "id": "ux6bj9",
            "parentId": "finzyrjbje",
            "pathPart": "battles",
            "path": "/battles"
        },
        {
            "id": "v6t92v",
            "parentId": "finzyrjbje",
            "pathPart": "signup",
            "path": "/signup",
            "resourceMethods": {
                "OPTIONS": {},
                "POST": {}
            }
        },
        {
            "id": "vsgpm6",
            "parentId": "ux6bj9",
            "pathPart": "history",
            "path": "/battles/history",
            "resourceMethods": {
                "GET": {},
                "OPTIONS": {}
            }
        },
        {
            "id": "vy6uju",
            "parentId": "hwcutg",
            "pathPart": "purchase-frame",
            "path": "/user/purchase-frame",
            "resourceMethods": {
                "OPTIONS": {},
                "POST": {}
            }
        },
        {
            "id": "y7lvup",
            "parentId": "finzyrjbje",
            "pathPart": "authorizer",
            "path": "/authorizer",
            "resourceMethods": {
                "OPTIONS": {},
                "POST": {}
            }
        },
        {
            "id": "yijxiu",
            "parentId": "ux6bj9",
            "pathPart": "score",
            "path": "/battles/score",
            "resourceMethods": {
                "OPTIONS": {},
                "POST": {}
            }
        }
    ]
}
