{
    "httpMethod": "POST",
    "authorizationType": "CUSTOM",
    "authorizerId": "ffw1dl",
    "apiKeyRequired": false,
    "methodIntegration": {
        "type": "AWS_PROXY",
        "httpMethod": "POST",
        "uri": "arn:aws:apigateway:us-east-2:lambda:path/2015-03-31/functions/arn:aws:lambda:us-east-2:516141816050:function:wordflect-backend-prod-submitBattleScore/invocations",
        "passthroughBehavior": "WHEN_NO_MATCH",
        "timeoutInMillis": 29000,
        "cacheNamespace": "6yei13",
        "cacheKeyParameters": []
    }
}
